{
  service: 'flashix-backend',
  error: { message: 'Not allowed by CORS' },
  requestId: undefined,
  url: '/api/v1/sessions/create',
  method: 'POST',
  ip: '::1',
  userAgent: 'Mozilla/5.0 (Windows NT 10.0; Win64; x64) AppleWebKit/537.36 (KHTML, like Gecko) Chrome/145.0.0.0 Safari/537.36',
  level: 'error',
  message: 'Error occurred:',
  timestamp: '2026-02-25T03:39:43.761Z'
}
{
  service: 'flashix-backend',
  error: { message: 'Not allowed by CORS' },
  requestId: undefined,
  url: '/api/v1/sessions/create',
  method: 'POST',
  ip: '::1',
  userAgent: 'Mozilla/5.0 (Windows NT 10.0; Win64; x64) AppleWebKit/537.36 (KHTML, like Gecko) Chrome/145.0.0.0 Safari/537.36',
  level: 'error',
  message: 'Error occurred:',
  timestamp: '2026-02-25T03:39:43.766Z'
}
{
  service: 'flashix-backend',
  error: { message: 'Not allowed by CORS' },
  requestId: undefined,
  url: '/api/v1/sessions/create',
  method: 'POST',
  ip: '::1',
  userAgent: 'Mozilla/5.0 (Windows NT 10.0; Win64; x64) AppleWebKit/537.36 (KHTML, like Gecko) Chrome/145.0.0.0 Safari/537.36',
  level: 'error',
  message: 'Error occurred:',
  timestamp: '2026-02-25T03:39:46.747Z'
}
{
  service: 'flashix-backend',
  error: { message: 'Not allowed by CORS' },
  requestId: undefined,
  url: '/api/v1/sessions/create',
  method: 'POST',
  ip: '::1',
  userAgent: 'Mozilla/5.0 (Windows NT 10.0; Win64; x64) AppleWebKit/537.36 (KHTML, like Gecko) Chrome/145.0.0.0 Safari/537.36',
  level: 'error',
  message: 'Error occurred:',
  timestamp: '2026-02-25T03:39:46.750Z'
}
{
  service: 'flashix-backend',
  error: { message: 'Not allowed by CORS' },
  requestId: undefined,
  url: '/api/v1/sessions/create',
  method: 'POST',
  ip: '::1',
  userAgent: 'Mozilla/5.0 (Windows NT 10.0; Win64; x64) AppleWebKit/537.36 (KHTML, like Gecko) Chrome/145.0.0.0 Safari/537.36',
  level: 'error',
  message: 'Error occurred:',
  timestamp: '2026-02-25T03:39:46.753Z'
}
{
  service: 'flashix-backend',
  error: { message: 'Not allowed by CORS' },
  requestId: undefined,
  url: '/api/v1/sessions/create',
  method: 'POST',
  ip: '::1',
  userAgent: 'Mozilla/5.0 (Windows NT 10.0; Win64; x64) AppleWebKit/537.36 (KHTML, like Gecko) Chrome/145.0.0.0 Safari/537.36',
  level: 'error',
  message: 'Error occurred:',
  timestamp: '2026-02-25T03:39:49.743Z'
}
{
  service: 'flashix-backend',
  error: { message: 'Not allowed by CORS' },
  requestId: undefined,
  url: '/api/v1/sessions/create',
  method: 'POST',
  ip: '::1',
  userAgent: 'Mozilla/5.0 (Windows NT 10.0; Win64; x64) AppleWebKit/537.36 (KHTML, like Gecko) Chrome/145.0.0.0 Safari/537.36',
  level: 'error',
  message: 'Error occurred:',
  timestamp: '2026-02-25T03:39:49.744Z'
}
{
  service: 'flashix-backend',
  error: { message: 'Not allowed by CORS' },
  requestId: undefined,
  url: '/api/v1/sessions/create',
  method: 'POST',
  ip: '::1',
  userAgent: 'Mozilla/5.0 (Windows NT 10.0; Win64; x64) AppleWebKit/537.36 (KHTML, like Gecko) Chrome/145.0.0.0 Safari/537.36',
  level: 'error',
  message: 'Error occurred:',
  timestamp: '2026-02-25T03:39:49.746Z'
}
{
  service: 'flashix-backend',
  error: { message: 'Not allowed by CORS' },
  requestId: undefined,
  url: '/api/v1/sessions/create',
  method: 'POST',
  ip: '::1',
  userAgent: 'Mozilla/5.0 (Windows NT 10.0; Win64; x64) AppleWebKit/537.36 (KHTML, like Gecko) Chrome/145.0.0.0 Safari/537.36',
  level: 'error',
  message: 'Error occurred:',
  timestamp: '2026-02-25T03:39:52.758Z'
}
{
  service: 'flashix-backend',
  error: { message: 'Not allowed by CORS' },
  requestId: undefined,
  url: '/api/v1/sessions/create',
  method: 'POST',
  ip: '::1',
  userAgent: 'Mozilla/5.0 (Windows NT 10.0; Win64; x64) AppleWebKit/537.36 (KHTML, like Gecko) Chrome/145.0.0.0 Safari/537.36',
  level: 'error',
  message: 'Error occurred:',
  timestamp: '2026-02-25T03:39:52.761Z'
}
{
  service: 'flashix-backend',
  error: { message: 'Not allowed by CORS' },
  requestId: undefined,
  url: '/api/v1/sessions/create',
  method: 'POST',
  ip: '::1',
  userAgent: 'Mozilla/5.0 (Windows NT 10.0; Win64; x64) AppleWebKit/537.36 (KHTML, like Gecko) Chrome/145.0.0.0 Safari/537.36',
  level: 'error',
  message: 'Error occurred:',
  timestamp: '2026-02-25T03:39:52.763Z'
}
{
  service: 'flashix-backend',
  error: { message: 'Not allowed by CORS' },
  requestId: undefined,
  url: '/api/v1/sessions/create',
  method: 'POST',
  ip: '::1',
  userAgent: 'Mozilla/5.0 (Windows NT 10.0; Win64; x64) AppleWebKit/537.36 (KHTML, like Gecko) Chrome/145.0.0.0 Safari/537.36',
  level: 'error',
  message: 'Error occurred:',
  timestamp: '2026-02-25T03:39:55.748Z'
}
{
  service: 'flashix-backend',
  error: { message: 'Not allowed by CORS' },
  requestId: undefined,
  url: '/api/v1/sessions/create',
  method: 'POST',
  ip: '::1',
  userAgent: 'Mozilla/5.0 (Windows NT 10.0; Win64; x64) AppleWebKit/537.36 (KHTML, like Gecko) Chrome/145.0.0.0 Safari/537.36',
  level: 'error',
  message: 'Error occurred:',
  timestamp: '2026-02-25T03:39:55.751Z'
}
{
  service: 'flashix-backend',
  error: { message: 'Not allowed by CORS' },
  requestId: undefined,
  url: '/api/v1/sessions/create',
  method: 'POST',
  ip: '::1',
  userAgent: 'Mozilla/5.0 (Windows NT 10.0; Win64; x64) AppleWebKit/537.36 (KHTML, like Gecko) Chrome/145.0.0.0 Safari/537.36',
  level: 'error',
  message: 'Error occurred:',
  timestamp: '2026-02-25T03:39:55.754Z'
}
{
  service: 'flashix-backend',
  error: { message: 'Not allowed by CORS' },
  requestId: undefined,
  url: '/api/v1/sessions/create',
  method: 'POST',
  ip: '::1',
  userAgent: 'Mozilla/5.0 (Windows NT 10.0; Win64; x64) AppleWebKit/537.36 (KHTML, like Gecko) Chrome/145.0.0.0 Safari/537.36',
  level: 'error',
  message: 'Error occurred:',
  timestamp: '2026-02-25T03:39:58.742Z'
}
{
  service: 'flashix-backend',
  error: { message: 'Not allowed by CORS' },
  requestId: undefined,
  url: '/api/v1/sessions/create',
  method: 'POST',
  ip: '::1',
  userAgent: 'Mozilla/5.0 (Windows NT 10.0; Win64; x64) AppleWebKit/537.36 (KHTML, like Gecko) Chrome/145.0.0.0 Safari/537.36',
  level: 'error',
  message: 'Error occurred:',
  timestamp: '2026-02-25T03:39:58.744Z'
}
{
  service: 'flashix-backend',
  error: { message: 'Not allowed by CORS' },
  requestId: undefined,
  url: '/api/v1/sessions/create',
  method: 'POST',
  ip: '::1',
  userAgent: 'Mozilla/5.0 (Windows NT 10.0; Win64; x64) AppleWebKit/537.36 (KHTML, like Gecko) Chrome/145.0.0.0 Safari/537.36',
  level: 'error',
  message: 'Error occurred:',
  timestamp: '2026-02-25T03:39:58.747Z'
}
{
  service: 'flashix-backend',
  error: { message: 'Not allowed by CORS' },
  requestId: undefined,
  url: '/api/v1/sessions/create',
  method: 'POST',
  ip: '::1',
  userAgent: 'Mozilla/5.0 (Windows NT 10.0; Win64; x64) AppleWebKit/537.36 (KHTML, like Gecko) Chrome/145.0.0.0 Safari/537.36',
  level: 'error',
  message: 'Error occurred:',
  timestamp: '2026-02-25T03:40:01.749Z'
}
{
  service: 'flashix-backend',
  error: { message: 'Not allowed by CORS' },
  requestId: undefined,
  url: '/api/v1/sessions/create',
  method: 'POST',
  ip: '::1',
  userAgent: 'Mozilla/5.0 (Windows NT 10.0; Win64; x64) AppleWebKit/537.36 (KHTML, like Gecko) Chrome/145.0.0.0 Safari/537.36',
  level: 'error',
  message: 'Error occurred:',
  timestamp: '2026-02-25T03:40:01.752Z'
}
{
  service: 'flashix-backend',
  error: { message: 'Not allowed by CORS' },
  requestId: undefined,
  url: '/api/v1/sessions/create',
  method: 'POST',
  ip: '::1',
  userAgent: 'Mozilla/5.0 (Windows NT 10.0; Win64; x64) AppleWebKit/537.36 (KHTML, like Gecko) Chrome/145.0.0.0 Safari/537.36',
  level: 'error',
  message: 'Error occurred:',
  timestamp: '2026-02-25T03:40:01.754Z'
}
{
  service: 'flashix-backend',
  error: { message: 'Not allowed by CORS' },
  requestId: undefined,
  url: '/api/v1/sessions/create',
  method: 'POST',
  ip: '::1',
  userAgent: 'Mozilla/5.0 (Windows NT 10.0; Win64; x64) AppleWebKit/537.36 (KHTML, like Gecko) Chrome/145.0.0.0 Safari/537.36',
  level: 'error',
  message: 'Error occurred:',
  timestamp: '2026-02-25T03:40:04.739Z'
}
{
  service: 'flashix-backend',
  error: { message: 'Not allowed by CORS' },
  requestId: undefined,
  url: '/api/v1/sessions/create',
  method: 'POST',
  ip: '::1',
  userAgent: 'Mozilla/5.0 (Windows NT 10.0; Win64; x64) AppleWebKit/537.36 (KHTML, like Gecko) Chrome/145.0.0.0 Safari/537.36',
  level: 'error',
  message: 'Error occurred:',
  timestamp: '2026-02-25T03:40:04.741Z'
}
{
  service: 'flashix-backend',
  error: { message: 'Not allowed by CORS' },
  requestId: undefined,
  url: '/api/v1/sessions/create',
  method: 'POST',
  ip: '::1',
  userAgent: 'Mozilla/5.0 (Windows NT 10.0; Win64; x64) AppleWebKit/537.36 (KHTML, like Gecko) Chrome/145.0.0.0 Safari/537.36',
  level: 'error',
  message: 'Error occurred:',
  timestamp: '2026-02-25T03:40:04.742Z'
}
{
  service: 'flashix-backend',
  error: { message: 'Not allowed by CORS' },
  requestId: undefined,
  url: '/api/v1/sessions/create',
  method: 'POST',
  ip: '::1',
  userAgent: 'Mozilla/5.0 (Windows NT 10.0; Win64; x64) AppleWebKit/537.36 (KHTML, like Gecko) Chrome/145.0.0.0 Safari/537.36',
  level: 'error',
  message: 'Error occurred:',
  timestamp: '2026-02-25T03:40:07.755Z'
}
{
  service: 'flashix-backend',
  error: { message: 'Not allowed by CORS' },
  requestId: undefined,
  url: '/api/v1/sessions/create',
  method: 'POST',
  ip: '::1',
  userAgent: 'Mozilla/5.0 (Windows NT 10.0; Win64; x64) AppleWebKit/537.36 (KHTML, like Gecko) Chrome/145.0.0.0 Safari/537.36',
  level: 'error',
  message: 'Error occurred:',
  timestamp: '2026-02-25T03:40:07.762Z'
}
{
  service: 'flashix-backend',
  error: { message: 'Not allowed by CORS' },
  requestId: undefined,
  url: '/api/v1/sessions/create',
  method: 'POST',
  ip: '::1',
  userAgent: 'Mozilla/5.0 (Windows NT 10.0; Win64; x64) AppleWebKit/537.36 (KHTML, like Gecko) Chrome/145.0.0.0 Safari/537.36',
  level: 'error',
  message: 'Error occurred:',
  timestamp: '2026-02-25T03:40:07.775Z'
}
{
  service: 'flashix-backend',
  error: { message: 'Not allowed by CORS' },
  requestId: undefined,
  url: '/api/v1/sessions/create',
  method: 'POST',
  ip: '::1',
  userAgent: 'Mozilla/5.0 (Windows NT 10.0; Win64; x64) AppleWebKit/537.36 (KHTML, like Gecko) Chrome/145.0.0.0 Safari/537.36',
  level: 'error',
  message: 'Error occurred:',
  timestamp: '2026-02-25T03:40:10.756Z'
}
{
  service: 'flashix-backend',
  error: { message: 'Not allowed by CORS' },
  requestId: undefined,
  url: '/api/v1/sessions/create',
  method: 'POST',
  ip: '::1',
  userAgent: 'Mozilla/5.0 (Windows NT 10.0; Win64; x64) AppleWebKit/537.36 (KHTML, like Gecko) Chrome/145.0.0.0 Safari/537.36',
  level: 'error',
  message: 'Error occurred:',
  timestamp: '2026-02-25T03:40:10.759Z'
}
{
  service: 'flashix-backend',
  error: { message: 'Not allowed by CORS' },
  requestId: undefined,
  url: '/api/v1/sessions/create',
  method: 'POST',
  ip: '::1',
  userAgent: 'Mozilla/5.0 (Windows NT 10.0; Win64; x64) AppleWebKit/537.36 (KHTML, like Gecko) Chrome/145.0.0.0 Safari/537.36',
  level: 'error',
  message: 'Error occurred:',
  timestamp: '2026-02-25T03:40:10.761Z'
}
{
  service: 'flashix-backend',
  error: { message: 'Not allowed by CORS' },
  requestId: undefined,
  url: '/api/v1/sessions/create',
  method: 'POST',
  ip: '::1',
  userAgent: 'Mozilla/5.0 (Windows NT 10.0; Win64; x64) AppleWebKit/537.36 (KHTML, like Gecko) Chrome/145.0.0.0 Safari/537.36',
  level: 'error',
  message: 'Error occurred:',
  timestamp: '2026-02-25T03:40:13.746Z'
}
{
  service: 'flashix-backend',
  error: { message: 'Not allowed by CORS' },
  requestId: undefined,
  url: '/api/v1/sessions/create',
  method: 'POST',
  ip: '::1',
  userAgent: 'Mozilla/5.0 (Windows NT 10.0; Win64; x64) AppleWebKit/537.36 (KHTML, like Gecko) Chrome/145.0.0.0 Safari/537.36',
  level: 'error',
  message: 'Error occurred:',
  timestamp: '2026-02-25T03:40:13.748Z'
}
{
  service: 'flashix-backend',
  error: { message: 'Not allowed by CORS' },
  requestId: undefined,
  url: '/api/v1/sessions/create',
  method: 'POST',
  ip: '::1',
  userAgent: 'Mozilla/5.0 (Windows NT 10.0; Win64; x64) AppleWebKit/537.36 (KHTML, like Gecko) Chrome/145.0.0.0 Safari/537.36',
  level: 'error',
  message: 'Error occurred:',
  timestamp: '2026-02-25T03:40:13.751Z'
}
{
  service: 'flashix-backend',
  error: { message: 'Not allowed by CORS' },
  requestId: undefined,
  url: '/api/v1/sessions/create',
  method: 'POST',
  ip: '::1',
  userAgent: 'Mozilla/5.0 (Windows NT 10.0; Win64; x64) AppleWebKit/537.36 (KHTML, like Gecko) Chrome/145.0.0.0 Safari/537.36',
  level: 'error',
  message: 'Error occurred:',
  timestamp: '2026-02-25T03:40:16.759Z'
}
{
  service: 'flashix-backend',
  error: { message: 'Not allowed by CORS' },
  requestId: undefined,
  url: '/api/v1/sessions/create',
  method: 'POST',
  ip: '::1',
  userAgent: 'Mozilla/5.0 (Windows NT 10.0; Win64; x64) AppleWebKit/537.36 (KHTML, like Gecko) Chrome/145.0.0.0 Safari/537.36',
  level: 'error',
  message: 'Error occurred:',
  timestamp: '2026-02-25T03:40:16.779Z'
}
{
  service: 'flashix-backend',
  error: { message: 'Not allowed by CORS' },
  requestId: undefined,
  url: '/api/v1/sessions/create',
  method: 'POST',
  ip: '::1',
  userAgent: 'Mozilla/5.0 (Windows NT 10.0; Win64; x64) AppleWebKit/537.36 (KHTML, like Gecko) Chrome/145.0.0.0 Safari/537.36',
  level: 'error',
  message: 'Error occurred:',
  timestamp: '2026-02-25T03:40:16.780Z'
}
{
  service: 'flashix-backend',
  error: { message: 'Not allowed by CORS' },
  requestId: undefined,
  url: '/api/v1/sessions/create',
  method: 'POST',
  ip: '::1',
  userAgent: 'Mozilla/5.0 (Windows NT 10.0; Win64; x64) AppleWebKit/537.36 (KHTML, like Gecko) Chrome/145.0.0.0 Safari/537.36',
  level: 'error',
  message: 'Error occurred:',
  timestamp: '2026-02-25T03:40:19.745Z'
}
{
  service: 'flashix-backend',
  error: { message: 'Not allowed by CORS' },
  requestId: undefined,
  url: '/api/v1/sessions/create',
  method: 'POST',
  ip: '::1',
  userAgent: 'Mozilla/5.0 (Windows NT 10.0; Win64; x64) AppleWebKit/537.36 (KHTML, like Gecko) Chrome/145.0.0.0 Safari/537.36',
  level: 'error',
  message: 'Error occurred:',
  timestamp: '2026-02-25T03:40:19.747Z'
}
{
  service: 'flashix-backend',
  error: { message: 'Not allowed by CORS' },
  requestId: undefined,
  url: '/api/v1/sessions/create',
  method: 'POST',
  ip: '::1',
  userAgent: 'Mozilla/5.0 (Windows NT 10.0; Win64; x64) AppleWebKit/537.36 (KHTML, like Gecko) Chrome/145.0.0.0 Safari/537.36',
  level: 'error',
  message: 'Error occurred:',
  timestamp: '2026-02-25T03:40:19.749Z'
}
{
  service: 'flashix-backend',
  error: { message: 'Not allowed by CORS' },
  requestId: undefined,
  url: '/api/v1/sessions/create',
  method: 'POST',
  ip: '::1',
  userAgent: 'Mozilla/5.0 (Windows NT 10.0; Win64; x64) AppleWebKit/537.36 (KHTML, like Gecko) Chrome/145.0.0.0 Safari/537.36',
  level: 'error',
  message: 'Error occurred:',
  timestamp: '2026-02-25T03:40:22.757Z'
}
{
  service: 'flashix-backend',
  error: { message: 'Not allowed by CORS' },
  requestId: undefined,
  url: '/api/v1/sessions/create',
  method: 'POST',
  ip: '::1',
  userAgent: 'Mozilla/5.0 (Windows NT 10.0; Win64; x64) AppleWebKit/537.36 (KHTML, like Gecko) Chrome/145.0.0.0 Safari/537.36',
  level: 'error',
  message: 'Error occurred:',
  timestamp: '2026-02-25T03:40:22.763Z'
}
{
  service: 'flashix-backend',
  error: { message: 'Not allowed by CORS' },
  requestId: undefined,
  url: '/api/v1/sessions/create',
  method: 'POST',
  ip: '::1',
  userAgent: 'Mozilla/5.0 (Windows NT 10.0; Win64; x64) AppleWebKit/537.36 (KHTML, like Gecko) Chrome/145.0.0.0 Safari/537.36',
  level: 'error',
  message: 'Error occurred:',
  timestamp: '2026-02-25T03:40:22.765Z'
}
{
  service: 'flashix-backend',
  error: { message: 'Not allowed by CORS' },
  requestId: undefined,
  url: '/api/v1/sessions/create',
  method: 'POST',
  ip: '::1',
  userAgent: 'Mozilla/5.0 (Windows NT 10.0; Win64; x64) AppleWebKit/537.36 (KHTML, like Gecko) Chrome/145.0.0.0 Safari/537.36',
  level: 'error',
  message: 'Error occurred:',
  timestamp: '2026-02-25T03:40:25.749Z'
}
{
  service: 'flashix-backend',
  error: { message: 'Not allowed by CORS' },
  requestId: undefined,
  url: '/api/v1/sessions/create',
  method: 'POST',
  ip: '::1',
  userAgent: 'Mozilla/5.0 (Windows NT 10.0; Win64; x64) AppleWebKit/537.36 (KHTML, like Gecko) Chrome/145.0.0.0 Safari/537.36',
  level: 'error',
  message: 'Error occurred:',
  timestamp: '2026-02-25T03:40:25.756Z'
}
{
  service: 'flashix-backend',
  error: { message: 'Not allowed by CORS' },
  requestId: undefined,
  url: '/api/v1/sessions/create',
  method: 'POST',
  ip: '::1',
  userAgent: 'Mozilla/5.0 (Windows NT 10.0; Win64; x64) AppleWebKit/537.36 (KHTML, like Gecko) Chrome/145.0.0.0 Safari/537.36',
  level: 'error',
  message: 'Error occurred:',
  timestamp: '2026-02-25T03:40:25.774Z'
}
{
  service: 'flashix-backend',
  error: { message: 'Not allowed by CORS' },
  requestId: undefined,
  url: '/api/v1/sessions/create',
  method: 'POST',
  ip: '::1',
  userAgent: 'Mozilla/5.0 (Windows NT 10.0; Win64; x64) AppleWebKit/537.36 (KHTML, like Gecko) Chrome/145.0.0.0 Safari/537.36',
  level: 'error',
  message: 'Error occurred:',
  timestamp: '2026-02-25T03:40:28.741Z'
}
{
  service: 'flashix-backend',
  error: { message: 'Not allowed by CORS' },
  requestId: undefined,
  url: '/api/v1/sessions/create',
  method: 'POST',
  ip: '::1',
  userAgent: 'Mozilla/5.0 (Windows NT 10.0; Win64; x64) AppleWebKit/537.36 (KHTML, like Gecko) Chrome/145.0.0.0 Safari/537.36',
  level: 'error',
  message: 'Error occurred:',
  timestamp: '2026-02-25T03:40:28.743Z'
}
{
  service: 'flashix-backend',
  error: { message: 'Not allowed by CORS' },
  requestId: undefined,
  url: '/api/v1/sessions/create',
  method: 'POST',
  ip: '::1',
  userAgent: 'Mozilla/5.0 (Windows NT 10.0; Win64; x64) AppleWebKit/537.36 (KHTML, like Gecko) Chrome/145.0.0.0 Safari/537.36',
  level: 'error',
  message: 'Error occurred:',
  timestamp: '2026-02-25T03:40:28.745Z'
}
{
  service: 'flashix-backend',
  error: { message: 'Not allowed by CORS' },
  requestId: undefined,
  url: '/api/v1/sessions/create',
  method: 'POST',
  ip: '::1',
  userAgent: 'Mozilla/5.0 (Windows NT 10.0; Win64; x64) AppleWebKit/537.36 (KHTML, like Gecko) Chrome/145.0.0.0 Safari/537.36',
  level: 'error',
  message: 'Error occurred:',
  timestamp: '2026-02-25T03:40:31.752Z'
}
{
  service: 'flashix-backend',
  error: { message: 'Not allowed by CORS' },
  requestId: undefined,
  url: '/api/v1/sessions/create',
  method: 'POST',
  ip: '::1',
  userAgent: 'Mozilla/5.0 (Windows NT 10.0; Win64; x64) AppleWebKit/537.36 (KHTML, like Gecko) Chrome/145.0.0.0 Safari/537.36',
  level: 'error',
  message: 'Error occurred:',
  timestamp: '2026-02-25T03:40:31.754Z'
}
{
  service: 'flashix-backend',
  error: { message: 'Not allowed by CORS' },
  requestId: undefined,
  url: '/api/v1/sessions/create',
  method: 'POST',
  ip: '::1',
  userAgent: 'Mozilla/5.0 (Windows NT 10.0; Win64; x64) AppleWebKit/537.36 (KHTML, like Gecko) Chrome/145.0.0.0 Safari/537.36',
  level: 'error',
  message: 'Error occurred:',
  timestamp: '2026-02-25T03:40:31.757Z'
}
{
  service: 'flashix-backend',
  error: { message: 'Not allowed by CORS' },
  requestId: undefined,
  url: '/api/v1/sessions/create',
  method: 'POST',
  ip: '::1',
  userAgent: 'Mozilla/5.0 (Windows NT 10.0; Win64; x64) AppleWebKit/537.36 (KHTML, like Gecko) Chrome/145.0.0.0 Safari/537.36',
  level: 'error',
  message: 'Error occurred:',
  timestamp: '2026-02-25T03:40:34.744Z'
}
{
  service: 'flashix-backend',
  error: { message: 'Not allowed by CORS' },
  requestId: undefined,
  url: '/api/v1/sessions/create',
  method: 'POST',
  ip: '::1',
  userAgent: 'Mozilla/5.0 (Windows NT 10.0; Win64; x64) AppleWebKit/537.36 (KHTML, like Gecko) Chrome/145.0.0.0 Safari/537.36',
  level: 'error',
  message: 'Error occurred:',
  timestamp: '2026-02-25T03:40:34.747Z'
}
{
  service: 'flashix-backend',
  error: { message: 'Not allowed by CORS' },
  requestId: undefined,
  url: '/api/v1/sessions/create',
  method: 'POST',
  ip: '::1',
  userAgent: 'Mozilla/5.0 (Windows NT 10.0; Win64; x64) AppleWebKit/537.36 (KHTML, like Gecko) Chrome/145.0.0.0 Safari/537.36',
  level: 'error',
  message: 'Error occurred:',
  timestamp: '2026-02-25T03:40:34.749Z'
}
{
  service: 'flashix-backend',
  error: { message: 'Not allowed by CORS' },
  requestId: undefined,
  url: '/api/v1/sessions/create',
  method: 'POST',
  ip: '::1',
  userAgent: 'Mozilla/5.0 (Windows NT 10.0; Win64; x64) AppleWebKit/537.36 (KHTML, like Gecko) Chrome/145.0.0.0 Safari/537.36',
  level: 'error',
  message: 'Error occurred:',
  timestamp: '2026-02-25T03:40:37.752Z'
}
{
  service: 'flashix-backend',
  error: { message: 'Not allowed by CORS' },
  requestId: undefined,
  url: '/api/v1/sessions/create',
  method: 'POST',
  ip: '::1',
  userAgent: 'Mozilla/5.0 (Windows NT 10.0; Win64; x64) AppleWebKit/537.36 (KHTML, like Gecko) Chrome/145.0.0.0 Safari/537.36',
  level: 'error',
  message: 'Error occurred:',
  timestamp: '2026-02-25T03:40:37.754Z'
}
{
  service: 'flashix-backend',
  error: { message: 'Not allowed by CORS' },
  requestId: undefined,
  url: '/api/v1/sessions/create',
  method: 'POST',
  ip: '::1',
  userAgent: 'Mozilla/5.0 (Windows NT 10.0; Win64; x64) AppleWebKit/537.36 (KHTML, like Gecko) Chrome/145.0.0.0 Safari/537.36',
  level: 'error',
  message: 'Error occurred:',
  timestamp: '2026-02-25T03:40:37.757Z'
}
{
  service: 'flashix-backend',
  error: { message: 'Not allowed by CORS' },
  requestId: undefined,
  url: '/api/v1/sessions/create',
  method: 'POST',
  ip: '::1',
  userAgent: 'Mozilla/5.0 (Windows NT 10.0; Win64; x64) AppleWebKit/537.36 (KHTML, like Gecko) Chrome/145.0.0.0 Safari/537.36',
  level: 'error',
  message: 'Error occurred:',
  timestamp: '2026-02-25T03:40:40.743Z'
}
{
  service: 'flashix-backend',
  error: { message: 'Not allowed by CORS' },
  requestId: undefined,
  url: '/api/v1/sessions/create',
  method: 'POST',
  ip: '::1',
  userAgent: 'Mozilla/5.0 (Windows NT 10.0; Win64; x64) AppleWebKit/537.36 (KHTML, like Gecko) Chrome/145.0.0.0 Safari/537.36',
  level: 'error',
  message: 'Error occurred:',
  timestamp: '2026-02-25T03:40:40.746Z'
}
{
  service: 'flashix-backend',
  error: { message: 'Not allowed by CORS' },
  requestId: undefined,
  url: '/api/v1/sessions/create',
  method: 'POST',
  ip: '::1',
  userAgent: 'Mozilla/5.0 (Windows NT 10.0; Win64; x64) AppleWebKit/537.36 (KHTML, like Gecko) Chrome/145.0.0.0 Safari/537.36',
  level: 'error',
  message: 'Error occurred:',
  timestamp: '2026-02-25T03:40:40.747Z'
}
{
  service: 'flashix-backend',
  error: { message: 'Not allowed by CORS' },
  requestId: undefined,
  url: '/api/v1/sessions/create',
  method: 'POST',
  ip: '::1',
  userAgent: 'Mozilla/5.0 (Windows NT 10.0; Win64; x64) AppleWebKit/537.36 (KHTML, like Gecko) Chrome/145.0.0.0 Safari/537.36',
  level: 'error',
  message: 'Error occurred:',
  timestamp: '2026-02-25T03:40:43.748Z'
}
{
  service: 'flashix-backend',
  error: { message: 'Not allowed by CORS' },
  requestId: undefined,
  url: '/api/v1/sessions/create',
  method: 'POST',
  ip: '::1',
  userAgent: 'Mozilla/5.0 (Windows NT 10.0; Win64; x64) AppleWebKit/537.36 (KHTML, like Gecko) Chrome/145.0.0.0 Safari/537.36',
  level: 'error',
  message: 'Error occurred:',
  timestamp: '2026-02-25T03:40:43.750Z'
}
{
  service: 'flashix-backend',
  error: { message: 'Not allowed by CORS' },
  requestId: undefined,
  url: '/api/v1/sessions/create',
  method: 'POST',
  ip: '::1',
  userAgent: 'Mozilla/5.0 (Windows NT 10.0; Win64; x64) AppleWebKit/537.36 (KHTML, like Gecko) Chrome/145.0.0.0 Safari/537.36',
  level: 'error',
  message: 'Error occurred:',
  timestamp: '2026-02-25T03:40:43.755Z'
}
{
  service: 'flashix-backend',
  error: { message: 'Not allowed by CORS' },
  requestId: undefined,
  url: '/api/v1/sessions/create',
  method: 'POST',
  ip: '::1',
  userAgent: 'Mozilla/5.0 (Windows NT 10.0; Win64; x64) AppleWebKit/537.36 (KHTML, like Gecko) Chrome/145.0.0.0 Safari/537.36',
  level: 'error',
  message: 'Error occurred:',
  timestamp: '2026-02-25T03:40:46.752Z'
}
{
  service: 'flashix-backend',
  error: { message: 'Not allowed by CORS' },
  requestId: undefined,
  url: '/api/v1/sessions/create',
  method: 'POST',
  ip: '::1',
  userAgent: 'Mozilla/5.0 (Windows NT 10.0; Win64; x64) AppleWebKit/537.36 (KHTML, like Gecko) Chrome/145.0.0.0 Safari/537.36',
  level: 'error',
  message: 'Error occurred:',
  timestamp: '2026-02-25T03:40:46.756Z'
}
{
  service: 'flashix-backend',
  error: { message: 'Not allowed by CORS' },
  requestId: undefined,
  url: '/api/v1/sessions/create',
  method: 'POST',
  ip: '::1',
  userAgent: 'Mozilla/5.0 (Windows NT 10.0; Win64; x64) AppleWebKit/537.36 (KHTML, like Gecko) Chrome/145.0.0.0 Safari/537.36',
  level: 'error',
  message: 'Error occurred:',
  timestamp: '2026-02-25T03:40:46.758Z'
}
{
  service: 'flashix-backend',
  error: { message: 'Not allowed by CORS' },
  requestId: undefined,
  url: '/api/v1/sessions/create',
  method: 'POST',
  ip: '::1',
  userAgent: 'Mozilla/5.0 (Windows NT 10.0; Win64; x64) AppleWebKit/537.36 (KHTML, like Gecko) Chrome/145.0.0.0 Safari/537.36',
  level: 'error',
  message: 'Error occurred:',
  timestamp: '2026-02-25T03:40:49.742Z'
}
{
  service: 'flashix-backend',
  error: { message: 'Not allowed by CORS' },
  requestId: undefined,
  url: '/api/v1/sessions/create',
  method: 'POST',
  ip: '::1',
  userAgent: 'Mozilla/5.0 (Windows NT 10.0; Win64; x64) AppleWebKit/537.36 (KHTML, like Gecko) Chrome/145.0.0.0 Safari/537.36',
  level: 'error',
  message: 'Error occurred:',
  timestamp: '2026-02-25T03:40:49.746Z'
}
{
  service: 'flashix-backend',
  error: { message: 'Not allowed by CORS' },
  requestId: undefined,
  url: '/api/v1/sessions/create',
  method: 'POST',
  ip: '::1',
  userAgent: 'Mozilla/5.0 (Windows NT 10.0; Win64; x64) AppleWebKit/537.36 (KHTML, like Gecko) Chrome/145.0.0.0 Safari/537.36',
  level: 'error',
  message: 'Error occurred:',
  timestamp: '2026-02-25T03:40:49.752Z'
}
{
  service: 'flashix-backend',
  error: { message: 'Not allowed by CORS' },
  requestId: undefined,
  url: '/api/v1/sessions/create',
  method: 'POST',
  ip: '::1',
  userAgent: 'Mozilla/5.0 (Windows NT 10.0; Win64; x64) AppleWebKit/537.36 (KHTML, like Gecko) Chrome/145.0.0.0 Safari/537.36',
  level: 'error',
  message: 'Error occurred:',
  timestamp: '2026-02-25T03:40:52.753Z'
}
{
  service: 'flashix-backend',
  error: { message: 'Not allowed by CORS' },
  requestId: undefined,
  url: '/api/v1/sessions/create',
  method: 'POST',
  ip: '::1',
  userAgent: 'Mozilla/5.0 (Windows NT 10.0; Win64; x64) AppleWebKit/537.36 (KHTML, like Gecko) Chrome/145.0.0.0 Safari/537.36',
  level: 'error',
  message: 'Error occurred:',
  timestamp: '2026-02-25T03:40:52.756Z'
}
{
  service: 'flashix-backend',
  error: { message: 'Not allowed by CORS' },
  requestId: undefined,
  url: '/api/v1/sessions/create',
  method: 'POST',
  ip: '::1',
  userAgent: 'Mozilla/5.0 (Windows NT 10.0; Win64; x64) AppleWebKit/537.36 (KHTML, like Gecko) Chrome/145.0.0.0 Safari/537.36',
  level: 'error',
  message: 'Error occurred:',
  timestamp: '2026-02-25T03:40:52.759Z'
}
{
  service: 'flashix-backend',
  error: { message: 'Not allowed by CORS' },
  requestId: undefined,
  url: '/api/v1/sessions/create',
  method: 'POST',
  ip: '::1',
  userAgent: 'Mozilla/5.0 (Windows NT 10.0; Win64; x64) AppleWebKit/537.36 (KHTML, like Gecko) Chrome/145.0.0.0 Safari/537.36',
  level: 'error',
  message: 'Error occurred:',
  timestamp: '2026-02-25T03:40:55.742Z'
}
{
  service: 'flashix-backend',
  error: { message: 'Not allowed by CORS' },
  requestId: undefined,
  url: '/api/v1/sessions/create',
  method: 'POST',
  ip: '::1',
  userAgent: 'Mozilla/5.0 (Windows NT 10.0; Win64; x64) AppleWebKit/537.36 (KHTML, like Gecko) Chrome/145.0.0.0 Safari/537.36',
  level: 'error',
  message: 'Error occurred:',
  timestamp: '2026-02-25T03:40:55.745Z'
}
{
  service: 'flashix-backend',
  error: { message: 'Not allowed by CORS' },
  requestId: undefined,
  url: '/api/v1/sessions/create',
  method: 'POST',
  ip: '::1',
  userAgent: 'Mozilla/5.0 (Windows NT 10.0; Win64; x64) AppleWebKit/537.36 (KHTML, like Gecko) Chrome/145.0.0.0 Safari/537.36',
  level: 'error',
  message: 'Error occurred:',
  timestamp: '2026-02-25T03:40:55.748Z'
}
{
  service: 'flashix-backend',
  error: { message: 'Not allowed by CORS' },
  requestId: undefined,
  url: '/api/v1/sessions/create',
  method: 'POST',
  ip: '::1',
  userAgent: 'Mozilla/5.0 (Windows NT 10.0; Win64; x64) AppleWebKit/537.36 (KHTML, like Gecko) Chrome/145.0.0.0 Safari/537.36',
  level: 'error',
  message: 'Error occurred:',
  timestamp: '2026-02-25T03:40:58.757Z'
}
{
  service: 'flashix-backend',
  error: { message: 'Not allowed by CORS' },
  requestId: undefined,
  url: '/api/v1/sessions/create',
  method: 'POST',
  ip: '::1',
  userAgent: 'Mozilla/5.0 (Windows NT 10.0; Win64; x64) AppleWebKit/537.36 (KHTML, like Gecko) Chrome/145.0.0.0 Safari/537.36',
  level: 'error',
  message: 'Error occurred:',
  timestamp: '2026-02-25T03:40:58.759Z'
}
{
  service: 'flashix-backend',
  error: { message: 'Not allowed by CORS' },
  requestId: undefined,
  url: '/api/v1/sessions/create',
  method: 'POST',
  ip: '::1',
  userAgent: 'Mozilla/5.0 (Windows NT 10.0; Win64; x64) AppleWebKit/537.36 (KHTML, like Gecko) Chrome/145.0.0.0 Safari/537.36',
  level: 'error',
  message: 'Error occurred:',
  timestamp: '2026-02-25T03:40:58.762Z'
}
{
  service: 'flashix-backend',
  error: { message: 'Not allowed by CORS' },
  requestId: undefined,
  url: '/api/v1/sessions/create',
  method: 'POST',
  ip: '::1',
  userAgent: 'Mozilla/5.0 (Windows NT 10.0; Win64; x64) AppleWebKit/537.36 (KHTML, like Gecko) Chrome/145.0.0.0 Safari/537.36',
  level: 'error',
  message: 'Error occurred:',
  timestamp: '2026-02-25T03:41:01.750Z'
}
{
  service: 'flashix-backend',
  error: { message: 'Not allowed by CORS' },
  requestId: undefined,
  url: '/api/v1/sessions/create',
  method: 'POST',
  ip: '::1',
  userAgent: 'Mozilla/5.0 (Windows NT 10.0; Win64; x64) AppleWebKit/537.36 (KHTML, like Gecko) Chrome/145.0.0.0 Safari/537.36',
  level: 'error',
  message: 'Error occurred:',
  timestamp: '2026-02-25T03:41:01.753Z'
}
{
  service: 'flashix-backend',
  error: { message: 'Not allowed by CORS' },
  requestId: undefined,
  url: '/api/v1/sessions/create',
  method: 'POST',
  ip: '::1',
  userAgent: 'Mozilla/5.0 (Windows NT 10.0; Win64; x64) AppleWebKit/537.36 (KHTML, like Gecko) Chrome/145.0.0.0 Safari/537.36',
  level: 'error',
  message: 'Error occurred:',
  timestamp: '2026-02-25T03:41:01.757Z'
}
{
  service: 'flashix-backend',
  error: { message: 'Not allowed by CORS' },
  requestId: undefined,
  url: '/api/v1/sessions/create',
  method: 'POST',
  ip: '::1',
  userAgent: 'Mozilla/5.0 (Windows NT 10.0; Win64; x64) AppleWebKit/537.36 (KHTML, like Gecko) Chrome/145.0.0.0 Safari/537.36',
  level: 'error',
  message: 'Error occurred:',
  timestamp: '2026-02-25T03:41:04.748Z'
}
{
  service: 'flashix-backend',
  error: { message: 'Not allowed by CORS' },
  requestId: undefined,
  url: '/api/v1/sessions/create',
  method: 'POST',
  ip: '::1',
  userAgent: 'Mozilla/5.0 (Windows NT 10.0; Win64; x64) AppleWebKit/537.36 (KHTML, like Gecko) Chrome/145.0.0.0 Safari/537.36',
  level: 'error',
  message: 'Error occurred:',
  timestamp: '2026-02-25T03:41:04.750Z'
}
{
  service: 'flashix-backend',
  error: { message: 'Not allowed by CORS' },
  requestId: undefined,
  url: '/api/v1/sessions/create',
  method: 'POST',
  ip: '::1',
  userAgent: 'Mozilla/5.0 (Windows NT 10.0; Win64; x64) AppleWebKit/537.36 (KHTML, like Gecko) Chrome/145.0.0.0 Safari/537.36',
  level: 'error',
  message: 'Error occurred:',
  timestamp: '2026-02-25T03:41:04.755Z'
}
{
  service: 'flashix-backend',
  error: { message: 'Not allowed by CORS' },
  requestId: undefined,
  url: '/api/v1/sessions/create',
  method: 'POST',
  ip: '::1',
  userAgent: 'Mozilla/5.0 (Windows NT 10.0; Win64; x64) AppleWebKit/537.36 (KHTML, like Gecko) Chrome/145.0.0.0 Safari/537.36',
  level: 'error',
  message: 'Error occurred:',
  timestamp: '2026-02-25T03:41:07.758Z'
}
{
  service: 'flashix-backend',
  error: { message: 'Not allowed by CORS' },
  requestId: undefined,
  url: '/api/v1/sessions/create',
  method: 'POST',
  ip: '::1',
  userAgent: 'Mozilla/5.0 (Windows NT 10.0; Win64; x64) AppleWebKit/537.36 (KHTML, like Gecko) Chrome/145.0.0.0 Safari/537.36',
  level: 'error',
  message: 'Error occurred:',
  timestamp: '2026-02-25T03:41:07.770Z'
}
{
  service: 'flashix-backend',
  error: { message: 'Not allowed by CORS' },
  requestId: undefined,
  url: '/api/v1/sessions/create',
  method: 'POST',
  ip: '::1',
  userAgent: 'Mozilla/5.0 (Windows NT 10.0; Win64; x64) AppleWebKit/537.36 (KHTML, like Gecko) Chrome/145.0.0.0 Safari/537.36',
  level: 'error',
  message: 'Error occurred:',
  timestamp: '2026-02-25T03:41:07.863Z'
}
{
  service: 'flashix-backend',
  error: { message: 'Not allowed by CORS' },
  requestId: undefined,
  url: '/api/v1/sessions/create',
  method: 'POST',
  ip: '::1',
  userAgent: 'Mozilla/5.0 (Windows NT 10.0; Win64; x64) AppleWebKit/537.36 (KHTML, like Gecko) Chrome/145.0.0.0 Safari/537.36',
  level: 'error',
  message: 'Error occurred:',
  timestamp: '2026-02-25T03:41:10.750Z'
}
{
  service: 'flashix-backend',
  error: { message: 'Not allowed by CORS' },
  requestId: undefined,
  url: '/api/v1/sessions/create',
  method: 'POST',
  ip: '::1',
  userAgent: 'Mozilla/5.0 (Windows NT 10.0; Win64; x64) AppleWebKit/537.36 (KHTML, like Gecko) Chrome/145.0.0.0 Safari/537.36',
  level: 'error',
  message: 'Error occurred:',
  timestamp: '2026-02-25T03:41:10.755Z'
}
{
  service: 'flashix-backend',
  error: { message: 'Not allowed by CORS' },
  requestId: undefined,
  url: '/api/v1/sessions/create',
  method: 'POST',
  ip: '::1',
  userAgent: 'Mozilla/5.0 (Windows NT 10.0; Win64; x64) AppleWebKit/537.36 (KHTML, like Gecko) Chrome/145.0.0.0 Safari/537.36',
  level: 'error',
  message: 'Error occurred:',
  timestamp: '2026-02-25T03:41:10.758Z'
}
{
  service: 'flashix-backend',
  error: { message: 'Not allowed by CORS' },
  requestId: undefined,
  url: '/api/v1/sessions/create',
  method: 'POST',
  ip: '::1',
  userAgent: 'Mozilla/5.0 (Windows NT 10.0; Win64; x64) AppleWebKit/537.36 (KHTML, like Gecko) Chrome/145.0.0.0 Safari/537.36',
  level: 'error',
  message: 'Error occurred:',
  timestamp: '2026-02-25T03:41:13.749Z'
}
{
  service: 'flashix-backend',
  error: { message: 'Not allowed by CORS' },
  requestId: undefined,
  url: '/api/v1/sessions/create',
  method: 'POST',
  ip: '::1',
  userAgent: 'Mozilla/5.0 (Windows NT 10.0; Win64; x64) AppleWebKit/537.36 (KHTML, like Gecko) Chrome/145.0.0.0 Safari/537.36',
  level: 'error',
  message: 'Error occurred:',
  timestamp: '2026-02-25T03:41:13.752Z'
}
{
  service: 'flashix-backend',
  error: { message: 'Not allowed by CORS' },
  requestId: undefined,
  url: '/api/v1/sessions/create',
  method: 'POST',
  ip: '::1',
  userAgent: 'Mozilla/5.0 (Windows NT 10.0; Win64; x64) AppleWebKit/537.36 (KHTML, like Gecko) Chrome/145.0.0.0 Safari/537.36',
  level: 'error',
  message: 'Error occurred:',
  timestamp: '2026-02-25T03:41:13.754Z'
}
{
  service: 'flashix-backend',
  error: { message: 'Not allowed by CORS' },
  requestId: undefined,
  url: '/api/v1/sessions/create',
  method: 'POST',
  ip: '::1',
  userAgent: 'Mozilla/5.0 (Windows NT 10.0; Win64; x64) AppleWebKit/537.36 (KHTML, like Gecko) Chrome/145.0.0.0 Safari/537.36',
  level: 'error',
  message: 'Error occurred:',
  timestamp: '2026-02-25T03:41:16.749Z'
}
{
  service: 'flashix-backend',
  error: { message: 'Not allowed by CORS' },
  requestId: undefined,
  url: '/api/v1/sessions/create',
  method: 'POST',
  ip: '::1',
  userAgent: 'Mozilla/5.0 (Windows NT 10.0; Win64; x64) AppleWebKit/537.36 (KHTML, like Gecko) Chrome/145.0.0.0 Safari/537.36',
  level: 'error',
  message: 'Error occurred:',
  timestamp: '2026-02-25T03:41:16.751Z'
}
{
  service: 'flashix-backend',
  error: { message: 'Not allowed by CORS' },
  requestId: undefined,
  url: '/api/v1/sessions/create',
  method: 'POST',
  ip: '::1',
  userAgent: 'Mozilla/5.0 (Windows NT 10.0; Win64; x64) AppleWebKit/537.36 (KHTML, like Gecko) Chrome/145.0.0.0 Safari/537.36',
  level: 'error',
  message: 'Error occurred:',
  timestamp: '2026-02-25T03:41:16.753Z'
}
{
  service: 'flashix-backend',
  error: { message: 'Not allowed by CORS' },
  requestId: undefined,
  url: '/api/v1/sessions/create',
  method: 'POST',
  ip: '::1',
  userAgent: 'Mozilla/5.0 (Windows NT 10.0; Win64; x64) AppleWebKit/537.36 (KHTML, like Gecko) Chrome/145.0.0.0 Safari/537.36',
  level: 'error',
  message: 'Error occurred:',
  timestamp: '2026-02-25T03:41:19.751Z'
}
{
  service: 'flashix-backend',
  error: { message: 'Not allowed by CORS' },
  requestId: undefined,
  url: '/api/v1/sessions/create',
  method: 'POST',
  ip: '::1',
  userAgent: 'Mozilla/5.0 (Windows NT 10.0; Win64; x64) AppleWebKit/537.36 (KHTML, like Gecko) Chrome/145.0.0.0 Safari/537.36',
  level: 'error',
  message: 'Error occurred:',
  timestamp: '2026-02-25T03:41:19.754Z'
}
{
  service: 'flashix-backend',
  error: { message: 'Not allowed by CORS' },
  requestId: undefined,
  url: '/api/v1/sessions/create',
  method: 'POST',
  ip: '::1',
  userAgent: 'Mozilla/5.0 (Windows NT 10.0; Win64; x64) AppleWebKit/537.36 (KHTML, like Gecko) Chrome/145.0.0.0 Safari/537.36',
  level: 'error',
  message: 'Error occurred:',
  timestamp: '2026-02-25T03:41:19.756Z'
}
{
  service: 'flashix-backend',
  error: { message: 'Not allowed by CORS' },
  requestId: undefined,
  url: '/api/v1/sessions/create',
  method: 'POST',
  ip: '::1',
  userAgent: 'Mozilla/5.0 (Windows NT 10.0; Win64; x64) AppleWebKit/537.36 (KHTML, like Gecko) Chrome/145.0.0.0 Safari/537.36',
  level: 'error',
  message: 'Error occurred:',
  timestamp: '2026-02-25T03:41:22.751Z'
}
{
  service: 'flashix-backend',
  error: { message: 'Not allowed by CORS' },
  requestId: undefined,
  url: '/api/v1/sessions/create',
  method: 'POST',
  ip: '::1',
  userAgent: 'Mozilla/5.0 (Windows NT 10.0; Win64; x64) AppleWebKit/537.36 (KHTML, like Gecko) Chrome/145.0.0.0 Safari/537.36',
  level: 'error',
  message: 'Error occurred:',
  timestamp: '2026-02-25T03:41:22.753Z'
}
{
  service: 'flashix-backend',
  error: { message: 'Not allowed by CORS' },
  requestId: undefined,
  url: '/api/v1/sessions/create',
  method: 'POST',
  ip: '::1',
  userAgent: 'Mozilla/5.0 (Windows NT 10.0; Win64; x64) AppleWebKit/537.36 (KHTML, like Gecko) Chrome/145.0.0.0 Safari/537.36',
  level: 'error',
  message: 'Error occurred:',
  timestamp: '2026-02-25T03:41:22.753Z'
}
{
  message: 'Received SIGINT. Starting graceful shutdown...',
  level: 'info',
  service: 'flashix-backend',
  timestamp: '2026-02-25T03:41:22.973Z'
}
{
  message: 'MongoDB connected successfully',
  level: 'info',
  service: 'flashix-backend',
  timestamp: '2026-02-25T03:41:46.606Z'
}
{
  message: 'Redis client connected',
  level: 'info',
  service: 'flashix-backend',
  timestamp: '2026-02-25T03:41:46.622Z'
}
{
  message: 'Server running on port 3000 in development mode',
  level: 'info',
  service: 'flashix-backend',
  timestamp: '2026-02-25T03:41:46.632Z'
}
{
  message: 'Health check available at http://localhost:3000/api/v1/health',
  level: 'info',
  service: 'flashix-backend',
  timestamp: '2026-02-25T03:41:46.632Z'
}
{
  service: 'flashix-backend',
  error: { message: 'Not allowed by CORS' },
  requestId: undefined,
  url: '/api/v1/sessions/create',
  method: 'POST',
  ip: '::1',
  userAgent: 'Mozilla/5.0 (Windows NT 10.0; Win64; x64) AppleWebKit/537.36 (KHTML, like Gecko) Chrome/145.0.0.0 Safari/537.36',
  level: 'error',
  message: 'Error occurred:',
  timestamp: '2026-02-25T03:41:46.786Z'
}
{
  service: 'flashix-backend',
  error: { message: 'Not allowed by CORS' },
  requestId: undefined,
  url: '/api/v1/sessions/create',
  method: 'POST',
  ip: '::1',
  userAgent: 'Mozilla/5.0 (Windows NT 10.0; Win64; x64) AppleWebKit/537.36 (KHTML, like Gecko) Chrome/145.0.0.0 Safari/537.36',
  level: 'error',
  message: 'Error occurred:',
  timestamp: '2026-02-25T03:41:46.798Z'
}
{
  service: 'flashix-backend',
  error: { message: 'Not allowed by CORS' },
  requestId: undefined,
  url: '/api/v1/sessions/create',
  method: 'POST',
  ip: '::1',
  userAgent: 'Mozilla/5.0 (Windows NT 10.0; Win64; x64) AppleWebKit/537.36 (KHTML, like Gecko) Chrome/145.0.0.0 Safari/537.36',
  level: 'error',
  message: 'Error occurred:',
  timestamp: '2026-02-25T03:41:46.812Z'
}
{
  service: 'flashix-backend',
  error: { message: 'Not allowed by CORS' },
  requestId: undefined,
  url: '/api/v1/sessions/create',
  method: 'POST',
  ip: '::1',
  userAgent: 'Mozilla/5.0 (Windows NT 10.0; Win64; x64) AppleWebKit/537.36 (KHTML, like Gecko) Chrome/145.0.0.0 Safari/537.36',
  level: 'error',
  message: 'Error occurred:',
  timestamp: '2026-02-25T03:41:49.754Z'
}
{
  service: 'flashix-backend',
  error: { message: 'Not allowed by CORS' },
  requestId: undefined,
  url: '/api/v1/sessions/create',
  method: 'POST',
  ip: '::1',
  userAgent: 'Mozilla/5.0 (Windows NT 10.0; Win64; x64) AppleWebKit/537.36 (KHTML, like Gecko) Chrome/145.0.0.0 Safari/537.36',
  level: 'error',
  message: 'Error occurred:',
  timestamp: '2026-02-25T03:41:49.758Z'
}
{
  service: 'flashix-backend',
  error: { message: 'Not allowed by CORS' },
  requestId: undefined,
  url: '/api/v1/sessions/create',
  method: 'POST',
  ip: '::1',
  userAgent: 'Mozilla/5.0 (Windows NT 10.0; Win64; x64) AppleWebKit/537.36 (KHTML, like Gecko) Chrome/145.0.0.0 Safari/537.36',
  level: 'error',
  message: 'Error occurred:',
  timestamp: '2026-02-25T03:41:49.763Z'
}
{
  service: 'flashix-backend',
  error: { message: 'Not allowed by CORS' },
  requestId: undefined,
  url: '/api/v1/sessions/create',
  method: 'POST',
  ip: '::1',
  userAgent: 'Mozilla/5.0 (Windows NT 10.0; Win64; x64) AppleWebKit/537.36 (KHTML, like Gecko) Chrome/145.0.0.0 Safari/537.36',
  level: 'error',
  message: 'Error occurred:',
  timestamp: '2026-02-25T03:41:52.752Z'
}
{
  service: 'flashix-backend',
  error: { message: 'Not allowed by CORS' },
  requestId: undefined,
  url: '/api/v1/sessions/create',
  method: 'POST',
  ip: '::1',
  userAgent: 'Mozilla/5.0 (Windows NT 10.0; Win64; x64) AppleWebKit/537.36 (KHTML, like Gecko) Chrome/145.0.0.0 Safari/537.36',
  level: 'error',
  message: 'Error occurred:',
  timestamp: '2026-02-25T03:41:52.759Z'
}
{
  service: 'flashix-backend',
  error: { message: 'Not allowed by CORS' },
  requestId: undefined,
  url: '/api/v1/sessions/create',
  method: 'POST',
  ip: '::1',
  userAgent: 'Mozilla/5.0 (Windows NT 10.0; Win64; x64) AppleWebKit/537.36 (KHTML, like Gecko) Chrome/145.0.0.0 Safari/537.36',
  level: 'error',
  message: 'Error occurred:',
  timestamp: '2026-02-25T03:41:52.771Z'
}
{
  service: 'flashix-backend',
  error: { message: 'Not allowed by CORS' },
  requestId: undefined,
  url: '/api/v1/sessions/create',
  method: 'POST',
  ip: '::1',
  userAgent: 'Mozilla/5.0 (Windows NT 10.0; Win64; x64) AppleWebKit/537.36 (KHTML, like Gecko) Chrome/145.0.0.0 Safari/537.36',
  level: 'error',
  message: 'Error occurred:',
  timestamp: '2026-02-25T03:41:55.749Z'
}
{
  service: 'flashix-backend',
  error: { message: 'Not allowed by CORS' },
  requestId: undefined,
  url: '/api/v1/sessions/create',
  method: 'POST',
  ip: '::1',
  userAgent: 'Mozilla/5.0 (Windows NT 10.0; Win64; x64) AppleWebKit/537.36 (KHTML, like Gecko) Chrome/145.0.0.0 Safari/537.36',
  level: 'error',
  message: 'Error occurred:',
  timestamp: '2026-02-25T03:41:55.762Z'
}
{
  service: 'flashix-backend',
  error: { message: 'Not allowed by CORS' },
  requestId: undefined,
  url: '/api/v1/sessions/create',
  method: 'POST',
  ip: '::ffff:127.0.0.1',
  userAgent: 'Mozilla/5.0 (Windows NT 10.0; Win64; x64) AppleWebKit/537.36 (KHTML, like Gecko) Chrome/145.0.0.0 Safari/537.36',
  level: 'error',
  message: 'Error occurred:',
  timestamp: '2026-02-25T03:41:55.769Z'
}
{
  service: 'flashix-backend',
  error: { message: 'Not allowed by CORS' },
  requestId: undefined,
  url: '/api/v1/sessions/create',
  method: 'POST',
  ip: '::ffff:127.0.0.1',
  userAgent: 'Mozilla/5.0 (Windows NT 10.0; Win64; x64) AppleWebKit/537.36 (KHTML, like Gecko) Chrome/145.0.0.0 Safari/537.36',
  level: 'error',
  message: 'Error occurred:',
  timestamp: '2026-02-25T03:41:58.755Z'
}
{
  service: 'flashix-backend',
  error: { message: 'Not allowed by CORS' },
  requestId: undefined,
  url: '/api/v1/sessions/create',
  method: 'POST',
  ip: '::ffff:127.0.0.1',
  userAgent: 'Mozilla/5.0 (Windows NT 10.0; Win64; x64) AppleWebKit/537.36 (KHTML, like Gecko) Chrome/145.0.0.0 Safari/537.36',
  level: 'error',
  message: 'Error occurred:',
  timestamp: '2026-02-25T03:41:58.773Z'
}
{
  service: 'flashix-backend',
  error: { message: 'Not allowed by CORS' },
  requestId: undefined,
  url: '/api/v1/sessions/create',
  method: 'POST',
  ip: '::ffff:127.0.0.1',
  userAgent: 'Mozilla/5.0 (Windows NT 10.0; Win64; x64) AppleWebKit/537.36 (KHTML, like Gecko) Chrome/145.0.0.0 Safari/537.36',
  level: 'error',
  message: 'Error occurred:',
  timestamp: '2026-02-25T03:41:58.793Z'
}
{
  service: 'flashix-backend',
  error: { message: 'Not allowed by CORS' },
  requestId: undefined,
  url: '/api/v1/sessions/create',
  method: 'POST',
  ip: '::ffff:127.0.0.1',
  userAgent: 'Mozilla/5.0 (Windows NT 10.0; Win64; x64) AppleWebKit/537.36 (KHTML, like Gecko) Chrome/145.0.0.0 Safari/537.36',
  level: 'error',
  message: 'Error occurred:',
  timestamp: '2026-02-25T03:42:01.753Z'
}
{
  service: 'flashix-backend',
  error: { message: 'Not allowed by CORS' },
  requestId: undefined,
  url: '/api/v1/sessions/create',
  method: 'POST',
  ip: '::1',
  userAgent: 'Mozilla/5.0 (Windows NT 10.0; Win64; x64) AppleWebKit/537.36 (KHTML, like Gecko) Chrome/145.0.0.0 Safari/537.36',
  level: 'error',
  message: 'Error occurred:',
  timestamp: '2026-02-25T03:42:01.756Z'
}
{
  service: 'flashix-backend',
  error: { message: 'Not allowed by CORS' },
  requestId: undefined,
  url: '/api/v1/sessions/create',
  method: 'POST',
  ip: '::1',
  userAgent: 'Mozilla/5.0 (Windows NT 10.0; Win64; x64) AppleWebKit/537.36 (KHTML, like Gecko) Chrome/145.0.0.0 Safari/537.36',
  level: 'error',
  message: 'Error occurred:',
  timestamp: '2026-02-25T03:42:01.761Z'
}
{
  service: 'flashix-backend',
  error: { message: 'Not allowed by CORS' },
  requestId: undefined,
  url: '/api/v1/sessions/create',
  method: 'POST',
  ip: '::1',
  userAgent: 'Mozilla/5.0 (Windows NT 10.0; Win64; x64) AppleWebKit/537.36 (KHTML, like Gecko) Chrome/145.0.0.0 Safari/537.36',
  level: 'error',
  message: 'Error occurred:',
  timestamp: '2026-02-25T03:42:04.745Z'
}
{
  service: 'flashix-backend',
  error: { message: 'Not allowed by CORS' },
  requestId: undefined,
  url: '/api/v1/sessions/create',
  method: 'POST',
  ip: '::1',
  userAgent: 'Mozilla/5.0 (Windows NT 10.0; Win64; x64) AppleWebKit/537.36 (KHTML, like Gecko) Chrome/145.0.0.0 Safari/537.36',
  level: 'error',
  message: 'Error occurred:',
  timestamp: '2026-02-25T03:42:04.749Z'
}
{
  service: 'flashix-backend',
  error: { message: 'Not allowed by CORS' },
  requestId: undefined,
  url: '/api/v1/sessions/create',
  method: 'POST',
  ip: '::1',
  userAgent: 'Mozilla/5.0 (Windows NT 10.0; Win64; x64) AppleWebKit/537.36 (KHTML, like Gecko) Chrome/145.0.0.0 Safari/537.36',
  level: 'error',
  message: 'Error occurred:',
  timestamp: '2026-02-25T03:42:04.751Z'
}
{
  service: 'flashix-backend',
  error: { message: 'Not allowed by CORS' },
  requestId: undefined,
  url: '/api/v1/sessions/create',
  method: 'POST',
  ip: '::1',
  userAgent: 'Mozilla/5.0 (Windows NT 10.0; Win64; x64) AppleWebKit/537.36 (KHTML, like Gecko) Chrome/145.0.0.0 Safari/537.36',
  level: 'error',
  message: 'Error occurred:',
  timestamp: '2026-02-25T03:42:07.776Z'
}
{
  service: 'flashix-backend',
  error: { message: 'Not allowed by CORS' },
  requestId: undefined,
  url: '/api/v1/sessions/create',
  method: 'POST',
  ip: '::1',
  userAgent: 'Mozilla/5.0 (Windows NT 10.0; Win64; x64) AppleWebKit/537.36 (KHTML, like Gecko) Chrome/145.0.0.0 Safari/537.36',
  level: 'error',
  message: 'Error occurred:',
  timestamp: '2026-02-25T03:42:07.793Z'
}
{
  service: 'flashix-backend',
  error: { message: 'Not allowed by CORS' },
  requestId: undefined,
  url: '/api/v1/sessions/create',
  method: 'POST',
  ip: '::1',
  userAgent: 'Mozilla/5.0 (Windows NT 10.0; Win64; x64) AppleWebKit/537.36 (KHTML, like Gecko) Chrome/145.0.0.0 Safari/537.36',
  level: 'error',
  message: 'Error occurred:',
  timestamp: '2026-02-25T03:42:07.802Z'
}
{
  message: 'MongoDB connected successfully',
  level: 'info',
  service: 'flashix-backend',
  timestamp: '2026-02-25T03:42:32.424Z'
}
{
  message: 'Redis client connected',
  level: 'info',
  service: 'flashix-backend',
  timestamp: '2026-02-25T03:42:32.447Z'
}
{
  message: 'Server running on port 3000 in development mode',
  level: 'info',
  service: 'flashix-backend',
  timestamp: '2026-02-25T03:42:32.469Z'
}
{
  message: 'Health check available at http://localhost:3000/api/v1/health',
  level: 'info',
  service: 'flashix-backend',
  timestamp: '2026-02-25T03:42:32.471Z'
}
{
  service: 'flashix-backend',
  requestId: '21246cb9-7078-44c0-9f49-30fb06efb5bd',
  method: 'GET',
  url: '/api/v1/health',
  statusCode: 200,
  duration: '8ms',
  ip: '::1',
  userAgent: 'Mozilla/5.0 (Windows NT; Windows NT 10.0; en-IN) WindowsPowerShell/5.1.26100.7705',
  contentLength: '345',
  level: 'info',
  message: 'HTTP Request',
  timestamp: '2026-02-25T03:43:27.030Z'
}
{
  service: 'flashix-backend',
  error: { message: 'Not allowed by CORS' },
  requestId: undefined,
  url: '/api/v1/sessions/create',
  method: 'POST',
  ip: '::1',
  userAgent: 'Mozilla/5.0 (Windows NT 10.0; Win64; x64) AppleWebKit/537.36 (KHTML, like Gecko) Chrome/145.0.0.0 Safari/537.36',
  level: 'error',
  message: 'Error occurred:',
  timestamp: '2026-02-25T03:43:37.468Z'
}
{
  service: 'flashix-backend',
  error: { message: 'Not allowed by CORS' },
  requestId: undefined,
  url: '/api/v1/sessions/create',
  method: 'POST',
  ip: '::1',
  userAgent: 'Mozilla/5.0 (Windows NT 10.0; Win64; x64) AppleWebKit/537.36 (KHTML, like Gecko) Chrome/145.0.0.0 Safari/537.36',
  level: 'error',
  message: 'Error occurred:',
  timestamp: '2026-02-25T03:43:39.516Z'
}
{
  service: 'flashix-backend',
  error: { message: 'Not allowed by CORS' },
  requestId: undefined,
  url: '/api/v1/sessions/create',
  method: 'POST',
  ip: '::1',
  userAgent: 'Mozilla/5.0 (Windows NT 10.0; Win64; x64) AppleWebKit/537.36 (KHTML, like Gecko) Chrome/145.0.0.0 Safari/537.36',
  level: 'error',
  message: 'Error occurred:',
  timestamp: '2026-02-25T03:43:41.534Z'
}
{
  service: 'flashix-backend',
  error: { message: 'Not allowed by CORS' },
  requestId: undefined,
  url: '/api/v1/sessions/create',
  method: 'POST',
  ip: '::1',
  userAgent: 'Mozilla/5.0 (Windows NT 10.0; Win64; x64) AppleWebKit/537.36 (KHTML, like Gecko) Chrome/145.0.0.0 Safari/537.36',
  level: 'error',
  message: 'Error occurred:',
  timestamp: '2026-02-25T03:43:43.562Z'
}
{
  service: 'flashix-backend',
  error: { message: 'Not allowed by CORS' },
  requestId: undefined,
  url: '/api/v1/sessions/create',
  method: 'POST',
  ip: '::1',
  userAgent: 'Mozilla/5.0 (Windows NT 10.0; Win64; x64) AppleWebKit/537.36 (KHTML, like Gecko) Chrome/145.0.0.0 Safari/537.36',
  level: 'error',
  message: 'Error occurred:',
  timestamp: '2026-02-25T03:43:45.721Z'
}
{
  service: 'flashix-backend',
  error: { message: 'Not allowed by CORS' },
  requestId: undefined,
  url: '/api/v1/sessions/create',
  method: 'POST',
  ip: '::1',
  userAgent: 'Mozilla/5.0 (Windows NT 10.0; Win64; x64) AppleWebKit/537.36 (KHTML, like Gecko) Chrome/145.0.0.0 Safari/537.36',
  level: 'error',
  message: 'Error occurred:',
  timestamp: '2026-02-25T03:43:47.769Z'
}
{
  service: 'flashix-backend',
  error: { message: 'Not allowed by CORS' },
  requestId: undefined,
  url: '/api/v1/sessions/create',
  method: 'POST',
  ip: '::1',
  userAgent: 'Mozilla/5.0 (Windows NT 10.0; Win64; x64) AppleWebKit/537.36 (KHTML, like Gecko) Chrome/145.0.0.0 Safari/537.36',
  level: 'error',
  message: 'Error occurred:',
  timestamp: '2026-02-25T03:43:49.783Z'
}
{
  service: 'flashix-backend',
  error: { message: 'Not allowed by CORS' },
  requestId: undefined,
  url: '/api/v1/sessions/create',
  method: 'POST',
  ip: '::1',
  userAgent: 'Mozilla/5.0 (Windows NT 10.0; Win64; x64) AppleWebKit/537.36 (KHTML, like Gecko) Chrome/145.0.0.0 Safari/537.36',
  level: 'error',
  message: 'Error occurred:',
  timestamp: '2026-02-25T03:43:51.794Z'
}
{
  service: 'flashix-backend',
  error: { message: 'Not allowed by CORS' },
  requestId: undefined,
  url: '/api/v1/sessions/create',
  method: 'POST',
  ip: '::1',
  userAgent: 'Mozilla/5.0 (Windows NT 10.0; Win64; x64) AppleWebKit/537.36 (KHTML, like Gecko) Chrome/145.0.0.0 Safari/537.36',
  level: 'error',
  message: 'Error occurred:',
  timestamp: '2026-02-25T03:43:53.807Z'
}
{
  service: 'flashix-backend',
  error: { message: 'Not allowed by CORS' },
  requestId: undefined,
  url: '/api/v1/sessions/create',
  method: 'POST',
  ip: '::1',
  userAgent: 'Mozilla/5.0 (Windows NT 10.0; Win64; x64) AppleWebKit/537.36 (KHTML, like Gecko) Chrome/145.0.0.0 Safari/537.36',
  level: 'error',
  message: 'Error occurred:',
  timestamp: '2026-02-25T03:43:55.819Z'
}
{
  service: 'flashix-backend',
  error: { message: 'Not allowed by CORS' },
  requestId: undefined,
  url: '/api/v1/sessions/create',
  method: 'POST',
  ip: '::1',
  userAgent: 'Mozilla/5.0 (Windows NT 10.0; Win64; x64) AppleWebKit/537.36 (KHTML, like Gecko) Chrome/145.0.0.0 Safari/537.36',
  level: 'error',
  message: 'Error occurred:',
  timestamp: '2026-02-25T03:43:58.749Z'
}
{
  service: 'flashix-backend',
  error: { message: 'Not allowed by CORS' },
  requestId: undefined,
  url: '/api/v1/sessions/create',
  method: 'POST',
  ip: '::1',
  userAgent: 'Mozilla/5.0 (Windows NT 10.0; Win64; x64) AppleWebKit/537.36 (KHTML, like Gecko) Chrome/145.0.0.0 Safari/537.36',
  level: 'error',
  message: 'Error occurred:',
  timestamp: '2026-02-25T03:44:01.746Z'
}
{
  service: 'flashix-backend',
  error: { message: 'Not allowed by CORS' },
  requestId: undefined,
  url: '/api/v1/sessions/create',
  method: 'POST',
  ip: '::1',
  userAgent: 'Mozilla/5.0 (Windows NT 10.0; Win64; x64) AppleWebKit/537.36 (KHTML, like Gecko) Chrome/145.0.0.0 Safari/537.36',
  level: 'error',
  message: 'Error occurred:',
  timestamp: '2026-02-25T03:44:04.744Z'
}
{
  service: 'flashix-backend',
  error: { message: 'Not allowed by CORS' },
  requestId: undefined,
  url: '/api/v1/sessions/create',
  method: 'POST',
  ip: '::1',
  userAgent: 'Mozilla/5.0 (Windows NT 10.0; Win64; x64) AppleWebKit/537.36 (KHTML, like Gecko) Chrome/145.0.0.0 Safari/537.36',
  level: 'error',
  message: 'Error occurred:',
  timestamp: '2026-02-25T03:44:07.748Z'
}
{
  service: 'flashix-backend',
  error: { message: 'Not allowed by CORS' },
  requestId: undefined,
  url: '/api/v1/sessions/create',
  method: 'POST',
  ip: '::1',
  userAgent: 'Mozilla/5.0 (Windows NT 10.0; Win64; x64) AppleWebKit/537.36 (KHTML, like Gecko) Chrome/145.0.0.0 Safari/537.36',
  level: 'error',
  message: 'Error occurred:',
  timestamp: '2026-02-25T03:44:10.746Z'
}
{
  service: 'flashix-backend',
  error: { message: 'Not allowed by CORS' },
  requestId: undefined,
  url: '/api/v1/sessions/create',
  method: 'POST',
  ip: '::1',
  userAgent: 'Mozilla/5.0 (Windows NT 10.0; Win64; x64) AppleWebKit/537.36 (KHTML, like Gecko) Chrome/145.0.0.0 Safari/537.36',
  level: 'error',
  message: 'Error occurred:',
  timestamp: '2026-02-25T03:44:13.755Z'
}
{
  service: 'flashix-backend',
  error: { message: 'Not allowed by CORS' },
  requestId: undefined,
  url: '/api/v1/sessions/create',
  method: 'POST',
  ip: '::1',
  userAgent: 'Mozilla/5.0 (Windows NT 10.0; Win64; x64) AppleWebKit/537.36 (KHTML, like Gecko) Chrome/145.0.0.0 Safari/537.36',
  level: 'error',
  message: 'Error occurred:',
  timestamp: '2026-02-25T03:44:16.751Z'
}
{
  service: 'flashix-backend',
  error: { message: 'Not allowed by CORS' },
  requestId: undefined,
  url: '/api/v1/sessions/create',
  method: 'POST',
  ip: '::1',
  userAgent: 'Mozilla/5.0 (Windows NT 10.0; Win64; x64) AppleWebKit/537.36 (KHTML, like Gecko) Chrome/145.0.0.0 Safari/537.36',
  level: 'error',
  message: 'Error occurred:',
  timestamp: '2026-02-25T03:44:19.748Z'
}
{
  service: 'flashix-backend',
  error: { message: 'Not allowed by CORS' },
  requestId: undefined,
  url: '/api/v1/sessions/create',
  method: 'POST',
  ip: '::1',
  userAgent: 'Mozilla/5.0 (Windows NT 10.0; Win64; x64) AppleWebKit/537.36 (KHTML, like Gecko) Chrome/145.0.0.0 Safari/537.36',
  level: 'error',
  message: 'Error occurred:',
  timestamp: '2026-02-25T03:44:22.742Z'
}
{
  service: 'flashix-backend',
  error: { message: 'Not allowed by CORS' },
  requestId: undefined,
  url: '/api/v1/sessions/create',
  method: 'POST',
  ip: '::1',
  userAgent: 'Mozilla/5.0 (Windows NT 10.0; Win64; x64) AppleWebKit/537.36 (KHTML, like Gecko) Chrome/145.0.0.0 Safari/537.36',
  level: 'error',
  message: 'Error occurred:',
  timestamp: '2026-02-25T03:44:25.741Z'
}
{
  service: 'flashix-backend',
  error: { message: 'Not allowed by CORS' },
  requestId: undefined,
  url: '/api/v1/sessions/create',
  method: 'POST',
  ip: '::1',
  userAgent: 'Mozilla/5.0 (Windows NT 10.0; Win64; x64) AppleWebKit/537.36 (KHTML, like Gecko) Chrome/145.0.0.0 Safari/537.36',
  level: 'error',
  message: 'Error occurred:',
  timestamp: '2026-02-25T03:44:28.750Z'
}
{
  service: 'flashix-backend',
  error: { message: 'Not allowed by CORS' },
  requestId: undefined,
  url: '/api/v1/sessions/create',
  method: 'POST',
  ip: '::1',
  userAgent: 'Mozilla/5.0 (Windows NT 10.0; Win64; x64) AppleWebKit/537.36 (KHTML, like Gecko) Chrome/145.0.0.0 Safari/537.36',
  level: 'error',
  message: 'Error occurred:',
  timestamp: '2026-02-25T03:44:31.753Z'
}
{
  service: 'flashix-backend',
  error: { message: 'Not allowed by CORS' },
  requestId: undefined,
  url: '/api/v1/sessions/create',
  method: 'POST',
  ip: '::1',
  userAgent: 'Mozilla/5.0 (Windows NT 10.0; Win64; x64) AppleWebKit/537.36 (KHTML, like Gecko) Chrome/145.0.0.0 Safari/537.36',
  level: 'error',
  message: 'Error occurred:',
  timestamp: '2026-02-25T03:44:34.744Z'
}
{
  service: 'flashix-backend',
  error: { message: 'Not allowed by CORS' },
  requestId: undefined,
  url: '/api/v1/sessions/create',
  method: 'POST',
  ip: '::1',
  userAgent: 'Mozilla/5.0 (Windows NT 10.0; Win64; x64) AppleWebKit/537.36 (KHTML, like Gecko) Chrome/145.0.0.0 Safari/537.36',
  level: 'error',
  message: 'Error occurred:',
  timestamp: '2026-02-25T03:44:37.741Z'
}
{
  service: 'flashix-backend',
  error: { message: 'Not allowed by CORS' },
  requestId: undefined,
  url: '/api/v1/sessions/create',
  method: 'POST',
  ip: '::1',
  userAgent: 'Mozilla/5.0 (Windows NT 10.0; Win64; x64) AppleWebKit/537.36 (KHTML, like Gecko) Chrome/145.0.0.0 Safari/537.36',
  level: 'error',
  message: 'Error occurred:',
  timestamp: '2026-02-25T03:44:40.751Z'
}
{
  service: 'flashix-backend',
  error: { message: 'Not allowed by CORS' },
  requestId: undefined,
  url: '/api/v1/sessions/create',
  method: 'POST',
  ip: '::1',
  userAgent: 'Mozilla/5.0 (Windows NT 10.0; Win64; x64) AppleWebKit/537.36 (KHTML, like Gecko) Chrome/145.0.0.0 Safari/537.36',
  level: 'error',
  message: 'Error occurred:',
  timestamp: '2026-02-25T03:44:43.747Z'
}
{
  service: 'flashix-backend',
  error: { message: 'Not allowed by CORS' },
  requestId: undefined,
  url: '/api/v1/sessions/create',
  method: 'POST',
  ip: '::1',
  userAgent: 'Mozilla/5.0 (Windows NT 10.0; Win64; x64) AppleWebKit/537.36 (KHTML, like Gecko) Chrome/145.0.0.0 Safari/537.36',
  level: 'error',
  message: 'Error occurred:',
  timestamp: '2026-02-25T03:44:46.756Z'
}
{
  service: 'flashix-backend',
  error: { message: 'Not allowed by CORS' },
  requestId: undefined,
  url: '/api/v1/sessions/create',
  method: 'POST',
  ip: '::1',
  userAgent: 'Mozilla/5.0 (Windows NT 10.0; Win64; x64) AppleWebKit/537.36 (KHTML, like Gecko) Chrome/145.0.0.0 Safari/537.36',
  level: 'error',
  message: 'Error occurred:',
  timestamp: '2026-02-25T03:44:49.763Z'
}
{
  service: 'flashix-backend',
  error: { message: 'Not allowed by CORS' },
  requestId: undefined,
  url: '/api/v1/sessions/create',
  method: 'POST',
  ip: '::1',
  userAgent: 'Mozilla/5.0 (Windows NT 10.0; Win64; x64) AppleWebKit/537.36 (KHTML, like Gecko) Chrome/145.0.0.0 Safari/537.36',
  level: 'error',
  message: 'Error occurred:',
  timestamp: '2026-02-25T03:44:52.746Z'
}
{
  service: 'flashix-backend',
  error: { message: 'Not allowed by CORS' },
  requestId: undefined,
  url: '/api/v1/sessions/create',
  method: 'POST',
  ip: '::1',
  userAgent: 'Mozilla/5.0 (Windows NT 10.0; Win64; x64) AppleWebKit/537.36 (KHTML, like Gecko) Chrome/145.0.0.0 Safari/537.36',
  level: 'error',
  message: 'Error occurred:',
  timestamp: '2026-02-25T03:44:55.745Z'
}
{
  service: 'flashix-backend',
  error: { message: 'Not allowed by CORS' },
  requestId: undefined,
  url: '/api/v1/sessions/create',
  method: 'POST',
  ip: '::1',
  userAgent: 'Mozilla/5.0 (Windows NT 10.0; Win64; x64) AppleWebKit/537.36 (KHTML, like Gecko) Chrome/145.0.0.0 Safari/537.36',
  level: 'error',
  message: 'Error occurred:',
  timestamp: '2026-02-25T03:44:58.751Z'
}
{
  service: 'flashix-backend',
  error: { message: 'Not allowed by CORS' },
  requestId: undefined,
  url: '/api/v1/sessions/create',
  method: 'POST',
  ip: '::1',
  userAgent: 'Mozilla/5.0 (Windows NT 10.0; Win64; x64) AppleWebKit/537.36 (KHTML, like Gecko) Chrome/145.0.0.0 Safari/537.36',
  level: 'error',
  message: 'Error occurred:',
  timestamp: '2026-02-25T03:45:01.752Z'
}
{
  service: 'flashix-backend',
  error: { message: 'Not allowed by CORS' },
  requestId: undefined,
  url: '/api/v1/sessions/create',
  method: 'POST',
  ip: '::1',
  userAgent: 'Mozilla/5.0 (Windows NT 10.0; Win64; x64) AppleWebKit/537.36 (KHTML, like Gecko) Chrome/145.0.0.0 Safari/537.36',
  level: 'error',
  message: 'Error occurred:',
  timestamp: '2026-02-25T03:45:04.752Z'
}
{
  service: 'flashix-backend',
  error: { message: 'Not allowed by CORS' },
  requestId: undefined,
  url: '/api/v1/sessions/create',
  method: 'POST',
  ip: '::1',
  userAgent: 'Mozilla/5.0 (Windows NT 10.0; Win64; x64) AppleWebKit/537.36 (KHTML, like Gecko) Chrome/145.0.0.0 Safari/537.36',
  level: 'error',
  message: 'Error occurred:',
  timestamp: '2026-02-25T03:45:07.754Z'
}
{
  message: 'MongoDB connected successfully',
  level: 'info',
  service: 'flashix-backend',
  timestamp: '2026-02-25T03:45:12.286Z'
}
{
  message: 'Redis client connected',
  level: 'info',
  service: 'flashix-backend',
  timestamp: '2026-02-25T03:45:12.304Z'
}
{
  message: 'Server running on port 3000 in development mode',
  level: 'info',
  service: 'flashix-backend',
  timestamp: '2026-02-25T03:45:12.326Z'
}
{
  message: 'Health check available at http://localhost:3000/api/v1/health',
  level: 'info',
  service: 'flashix-backend',
  timestamp: '2026-02-25T03:45:12.332Z'
}
{
  service: 'flashix-backend',
  error: { message: 'Not allowed by CORS' },
  requestId: undefined,
  url: '/api/v1/sessions/create',
  method: 'POST',
  ip: '::ffff:127.0.0.1',
  userAgent: 'Mozilla/5.0 (Windows NT 10.0; Win64; x64) AppleWebKit/537.36 (KHTML, like Gecko) Chrome/145.0.0.0 Safari/537.36',
  level: 'error',
  message: 'Error occurred:',
  timestamp: '2026-02-25T03:45:12.351Z'
}
{
  message: 'MongoDB connected successfully',
  level: 'info',
  service: 'flashix-backend',
  timestamp: '2026-02-25T03:45:16.320Z'
}
{
  message: 'Redis client connected',
  level: 'info',
  service: 'flashix-backend',
  timestamp: '2026-02-25T03:45:16.337Z'
}
{
  message: 'Server running on port 3000 in development mode',
  level: 'info',
  service: 'flashix-backend',
  timestamp: '2026-02-25T03:45:16.348Z'
}
{
  message: 'Health check available at http://localhost:3000/api/v1/health',
  level: 'info',
  service: 'flashix-backend',
  timestamp: '2026-02-25T03:45:16.349Z'
}
{
  service: 'flashix-backend',
  error: { message: 'Not allowed by CORS' },
  requestId: undefined,
  url: '/api/v1/sessions/create',
  method: 'POST',
  ip: '::1',
  userAgent: 'Mozilla/5.0 (Windows NT 10.0; Win64; x64) AppleWebKit/537.36 (KHTML, like Gecko) Chrome/145.0.0.0 Safari/537.36',
  level: 'error',
  message: 'Error occurred:',
  timestamp: '2026-02-25T03:45:16.536Z'
}
{
  service: 'flashix-backend',
  error: { message: 'Not allowed by CORS' },
  requestId: undefined,
  url: '/api/v1/sessions/create',
  method: 'POST',
  ip: '::1',
  userAgent: 'Mozilla/5.0 (Windows NT 10.0; Win64; x64) AppleWebKit/537.36 (KHTML, like Gecko) Chrome/145.0.0.0 Safari/537.36',
  level: 'error',
  message: 'Error occurred:',
  timestamp: '2026-02-25T03:45:18.748Z'
}
{
  service: 'flashix-backend',
  error: { message: 'Not allowed by CORS' },
  requestId: undefined,
  url: '/api/v1/sessions/create',
  method: 'POST',
  ip: '::1',
  userAgent: 'Mozilla/5.0 (Windows NT 10.0; Win64; x64) AppleWebKit/537.36 (KHTML, like Gecko) Chrome/145.0.0.0 Safari/537.36',
  level: 'error',
  message: 'Error occurred:',
  timestamp: '2026-02-25T03:45:21.744Z'
}
{
  service: 'flashix-backend',
  error: { message: 'Not allowed by CORS' },
  requestId: undefined,
  url: '/api/v1/sessions/create',
  method: 'POST',
  ip: '::1',
  userAgent: 'Mozilla/5.0 (Windows NT 10.0; Win64; x64) AppleWebKit/537.36 (KHTML, like Gecko) Chrome/145.0.0.0 Safari/537.36',
  level: 'error',
  message: 'Error occurred:',
  timestamp: '2026-02-25T03:45:24.752Z'
}
{
  message: 'MongoDB connected successfully',
  level: 'info',
  service: 'flashix-backend',
  timestamp: '2026-02-25T03:45:43.207Z'
}
{
  message: 'Redis client connected',
  level: 'info',
  service: 'flashix-backend',
  timestamp: '2026-02-25T03:45:43.221Z'
}
{
  message: 'Server running on port 3000 in development mode',
  level: 'info',
  service: 'flashix-backend',
  timestamp: '2026-02-25T03:45:43.231Z'
}
{
  message: 'Health check available at http://localhost:3000/api/v1/health',
  level: 'info',
  service: 'flashix-backend',
  timestamp: '2026-02-25T03:45:43.232Z'
}
{
  service: 'flashix-backend',
  requestId: '41b8eb4e-cf38-4a13-b657-3b5f41fad7a7',
  method: 'POST',
  url: '/api/v1/sessions/create',
  statusCode: 201,
  duration: '272ms',
  ip: '::1',
  userAgent: 'Mozilla/5.0 (Windows NT 10.0; Win64; x64) AppleWebKit/537.36 (KHTML, like Gecko) Chrome/145.0.0.0 Safari/537.36',
  contentLength: '210',
  level: 'info',
  message: 'HTTP Request',
  timestamp: '2026-02-25T03:46:30.695Z'
}
{
  service: 'flashix-backend',
  requestId: '4d0b882e-281e-4ed0-a650-69d50d39bb1d',
  method: 'POST',
  url: '/api/v1/auth/login',
  statusCode: 200,
  duration: '866ms',
  ip: '::1',
  userAgent: 'Mozilla/5.0 (Windows NT 10.0; Win64; x64) AppleWebKit/537.36 (KHTML, like Gecko) Chrome/145.0.0.0 Safari/537.36',
  contentLength: '715',
  level: 'info',
  message: 'HTTP Request',
  timestamp: '2026-02-25T03:47:42.517Z'
}
{
  service: 'flashix-backend',
  requestId: 'f71ea675-2769-489d-93f9-84beba570297',
  method: 'GET',
  url: '/api/v1/files',
  statusCode: 200,
  duration: '279ms',
  ip: '::1',
  userAgent: 'Mozilla/5.0 (Windows NT 10.0; Win64; x64) AppleWebKit/537.36 (KHTML, like Gecko) Chrome/145.0.0.0 Safari/537.36',
  contentLength: '139',
  level: 'info',
  message: 'HTTP Request',
  timestamp: '2026-02-25T03:47:42.872Z'
}
{
  service: 'flashix-backend',
  error: {
    statusCode: 400,
    isOperational: true,
    message: '"expiryHours" must be an integer, "expiryHours" must be greater than or equal to 1'
  },
  requestId: 'fa8fc9ac-d636-4405-90a7-c2661ca42557',
  url: '/api/v1/files/upload',
  method: 'POST',
  ip: '::1',
  userAgent: 'Mozilla/5.0 (Windows NT 10.0; Win64; x64) AppleWebKit/537.36 (KHTML, like Gecko) Chrome/145.0.0.0 Safari/537.36',
  level: 'error',
  message: 'Error occurred:',
  timestamp: '2026-02-25T03:48:39.934Z'
}
{
  service: 'flashix-backend',
  requestId: 'fa8fc9ac-d636-4405-90a7-c2661ca42557',
  method: 'POST',
  url: '/api/v1/files/upload',
  statusCode: 400,
  duration: '32ms',
  ip: '::1',
  userAgent: 'Mozilla/5.0 (Windows NT 10.0; Win64; x64) AppleWebKit/537.36 (KHTML, like Gecko) Chrome/145.0.0.0 Safari/537.36',
  contentLength: '203',
  level: 'warn',
  message: 'HTTP Request',
  timestamp: '2026-02-25T03:48:39.937Z'
}
{
  message: 'MongoDB connected successfully',
  level: 'info',
  service: 'flashix-backend',
  timestamp: '2026-02-25T03:50:42.363Z'
}
{
  message: 'Redis client connected',
  level: 'info',
  service: 'flashix-backend',
  timestamp: '2026-02-25T03:50:42.377Z'
}
{
  message: 'Server running on port 3000 in development mode',
  level: 'info',
  service: 'flashix-backend',
  timestamp: '2026-02-25T03:50:42.385Z'
}
{
  message: 'Health check available at http://localhost:3000/api/v1/health',
  level: 'info',
  service: 'flashix-backend',
  timestamp: '2026-02-25T03:50:42.386Z'
}
{
  message: 'MongoDB connected successfully',
  level: 'info',
  service: 'flashix-backend',
  timestamp: '2026-02-25T03:51:05.872Z'
}
{
  message: 'Redis client connected',
  level: 'info',
  service: 'flashix-backend',
  timestamp: '2026-02-25T03:51:05.890Z'
}
{
  message: 'Server running on port 3000 in development mode',
  level: 'info',
  service: 'flashix-backend',
  timestamp: '2026-02-25T03:51:05.912Z'
}
{
  message: 'Health check available at http://localhost:3000/api/v1/health',
  level: 'info',
  service: 'flashix-backend',
  timestamp: '2026-02-25T03:51:05.913Z'
}
{
  service: 'flashix-backend',
  fileId: 'Y84xRTZF',
  originalName: 'python.pdf',
  size: 183696,
  ownerType: 'user',
  level: 'info',
  message: 'File uploaded successfully',
  timestamp: '2026-02-25T03:53:34.610Z'
}
{
  service: 'flashix-backend',
  requestId: '79af8111-2a70-41f2-9590-18a8f4b65b84',
  method: 'POST',
  url: '/api/v1/files/upload',
  statusCode: 201,
  duration: '3763ms',
  ip: '::1',
  userAgent: 'Mozilla/5.0 (Windows NT 10.0; Win64; x64) AppleWebKit/537.36 (KHTML, like Gecko) Chrome/145.0.0.0 Safari/537.36',
  contentLength: undefined,
  level: 'info',
  message: 'HTTP Request',
  timestamp: '2026-02-25T03:53:34.671Z'
}
{
  service: 'flashix-backend',
  requestId: '1866c958-d0cb-4b67-85a4-beb802d25629',
  method: 'GET',
  url: '/api/v1/files/Y84xRTZF',
  statusCode: 200,
  duration: '108ms',
  ip: '::1',
  userAgent: 'Mozilla/5.0 (Windows NT 10.0; Win64; x64) AppleWebKit/537.36 (KHTML, like Gecko) Chrome/145.0.0.0 Safari/537.36',
  contentLength: '402',
  level: 'info',
  message: 'HTTP Request',
  timestamp: '2026-02-25T03:53:34.903Z'
}
{
  service: 'flashix-backend',
  requestId: 'e38e217f-a227-45ca-9a49-be7a9333cff5',
  method: 'GET',
  url: '/api/v1/files',
  statusCode: 200,
  duration: '26ms',
  ip: '::1',
  userAgent: 'Mozilla/5.0 (Windows NT 10.0; Win64; x64) AppleWebKit/537.36 (KHTML, like Gecko) Chrome/145.0.0.0 Safari/537.36',
  contentLength: '460',
  level: 'info',
  message: 'HTTP Request',
  timestamp: '2026-02-25T03:53:54.347Z'
}
{
  service: 'flashix-backend',
  requestId: 'e6ce63a7-f104-4810-9e7b-c6d7718c2e35',
  method: 'GET',
  url: '/f/Y84xRTZF',
  statusCode: 404,
  duration: '2ms',
  ip: '::1',
  userAgent: 'Mozilla/5.0 (Windows NT 10.0; Win64; x64) AppleWebKit/537.36 (KHTML, like Gecko) Chrome/145.0.0.0 Safari/537.36',
  contentLength: '133',
  level: 'warn',
  message: 'HTTP Request',
  timestamp: '2026-02-25T03:54:05.494Z'
}
{
  service: 'flashix-backend',
  requestId: '2ed03508-271d-4017-ac89-ac866841fc6b',
  method: 'GET',
  url: '/favicon.ico',
  statusCode: 404,
  duration: '3ms',
  ip: '::1',
  userAgent: 'Mozilla/5.0 (Windows NT 10.0; Win64; x64) AppleWebKit/537.36 (KHTML, like Gecko) Chrome/145.0.0.0 Safari/537.36',
  contentLength: '134',
  level: 'warn',
  message: 'HTTP Request',
  timestamp: '2026-02-25T03:54:05.682Z'
}
{
  service: 'flashix-backend',
  requestId: 'f9d3188c-9642-49d4-ac11-7b0c3e9e5571',
  method: 'GET',
  url: '/api/v1/files/Y84xRTZF',
  statusCode: 200,
  duration: '10ms',
  ip: '::1',
  userAgent: 'Mozilla/5.0 (Windows NT 10.0; Win64; x64) AppleWebKit/537.36 (KHTML, like Gecko) Chrome/145.0.0.0 Safari/537.36',
  contentLength: '402',
  level: 'info',
  message: 'HTTP Request',
  timestamp: '2026-02-25T03:54:11.842Z'
}
{
  message: 'MongoDB connected successfully',
  level: 'info',
  service: 'flashix-backend',
  timestamp: '2026-02-25T03:55:33.161Z'
}
{
  message: 'Redis client connected',
  level: 'info',
  service: 'flashix-backend',
  timestamp: '2026-02-25T03:55:33.176Z'
}
{
  message: 'Server running on port 3000 in development mode',
  level: 'info',
  service: 'flashix-backend',
  timestamp: '2026-02-25T03:55:33.184Z'
}
{
  message: 'Health check available at http://localhost:3000/api/v1/health',
  level: 'info',
  service: 'flashix-backend',
  timestamp: '2026-02-25T03:55:33.185Z'
}
{
  message: 'MongoDB connected successfully',
  level: 'info',
  service: 'flashix-backend',
  timestamp: '2026-02-25T03:56:00.102Z'
}
{
  message: 'Redis client connected',
  level: 'info',
  service: 'flashix-backend',
  timestamp: '2026-02-25T03:56:00.121Z'
}
{
  message: 'Server running on port 3000 in development mode',
  level: 'info',
  service: 'flashix-backend',
  timestamp: '2026-02-25T03:56:00.135Z'
}
{
  message: 'Health check available at http://localhost:3000/api/v1/health',
  level: 'info',
  service: 'flashix-backend',
  timestamp: '2026-02-25T03:56:00.136Z'
}
{
  service: 'flashix-backend',
  requestId: 'cab305e1-a700-4291-8c59-7104422184fe',
  method: 'GET',
  url: '/f/test123',
  statusCode: 302,
  duration: '5ms',
  ip: '::1',
  userAgent: 'Mozilla/5.0 (Windows NT; Windows NT 10.0; en-IN) WindowsPowerShell/5.1.26100.7705',
  contentLength: '52',
  level: 'info',
  message: 'HTTP Request',
  timestamp: '2026-02-25T03:56:38.165Z'
}
{
  service: 'flashix-backend',
  error: { statusCode: 404, isOperational: true, message: 'File not found' },
  requestId: 'f50bcaef-1609-452b-9521-8e076f6d6a50',
  url: '/api/v1/files/test123/download',
  method: 'GET',
  ip: '::1',
  userAgent: 'Mozilla/5.0 (Windows NT; Windows NT 10.0; en-IN) WindowsPowerShell/5.1.26100.7705',
  level: 'error',
  message: 'Error occurred:',
  timestamp: '2026-02-25T03:56:38.193Z'
}
{
  service: 'flashix-backend',
  requestId: 'f50bcaef-1609-452b-9521-8e076f6d6a50',
  method: 'GET',
  url: '/api/v1/files/test123/download',
  statusCode: 404,
  duration: '28ms',
  ip: '::1',
  userAgent: 'Mozilla/5.0 (Windows NT; Windows NT 10.0; en-IN) WindowsPowerShell/5.1.26100.7705',
  contentLength: '131',
  level: 'warn',
  message: 'HTTP Request',
  timestamp: '2026-02-25T03:56:38.196Z'
}
{
  service: 'flashix-backend',
  requestId: '4c5922c1-d544-4b76-99d9-509a418f9f47',
  method: 'GET',
  url: '/f/Y84xRTZF',
  statusCode: 302,
  duration: '4ms',
  ip: '::1',
  userAgent: 'Mozilla/5.0 (Windows NT 10.0; Win64; x64) AppleWebKit/537.36 (KHTML, like Gecko) Chrome/145.0.0.0 Safari/537.36',
  contentLength: '60',
  level: 'info',
  message: 'HTTP Request',
  timestamp: '2026-02-25T03:57:09.115Z'
}
{
  service: 'flashix-backend',
  error: {
    statusCode: 403,
    isOperational: true,
    message: 'File cannot be downloaded'
  },
  requestId: 'e20b65b3-dca6-4ff6-8ea3-8335267b25e2',
  url: '/api/v1/files/Y84xRTZF/download',
  method: 'GET',
  ip: '::1',
  userAgent: 'Mozilla/5.0 (Windows NT 10.0; Win64; x64) AppleWebKit/537.36 (KHTML, like Gecko) Chrome/145.0.0.0 Safari/537.36',
  level: 'error',
  message: 'Error occurred:',
  timestamp: '2026-02-25T03:57:09.159Z'
}
{
  service: 'flashix-backend',
  requestId: 'e20b65b3-dca6-4ff6-8ea3-8335267b25e2',
  method: 'GET',
  url: '/api/v1/files/Y84xRTZF/download',
  statusCode: 403,
  duration: '17ms',
  ip: '::1',
  userAgent: 'Mozilla/5.0 (Windows NT 10.0; Win64; x64) AppleWebKit/537.36 (KHTML, like Gecko) Chrome/145.0.0.0 Safari/537.36',
  contentLength: '142',
  level: 'warn',
  message: 'HTTP Request',
  timestamp: '2026-02-25T03:57:09.163Z'
}
{
  service: 'flashix-backend',
  requestId: '811ece5d-4ae3-411a-b81d-afa1c2f01cb5',
  method: 'GET',
  url: '/api/v1/files/Y84xRTZF',
  statusCode: 200,
  duration: '26ms',
  ip: '::1',
  userAgent: 'Mozilla/5.0 (Windows NT 10.0; Win64; x64) AppleWebKit/537.36 (KHTML, like Gecko) Chrome/145.0.0.0 Safari/537.36',
  contentLength: '402',
  level: 'info',
  message: 'HTTP Request',
  timestamp: '2026-02-25T03:57:14.483Z'
}
{
  service: 'flashix-backend',
  requestId: 'b6b8efe1-2bcc-4b1f-943f-04811b2922c9',
  method: 'GET',
  url: '/f/Y84xRTZF',
  statusCode: 302,
  duration: '14ms',
  ip: '::1',
  userAgent: 'Mozilla/5.0 (Windows NT 10.0; Win64; x64) AppleWebKit/537.36 (KHTML, like Gecko) Chrome/145.0.0.0 Safari/537.36',
  contentLength: '60',
  level: 'info',
  message: 'HTTP Request',
  timestamp: '2026-02-25T03:57:23.309Z'
}
{
  service: 'flashix-backend',
  error: {
    statusCode: 403,
    isOperational: true,
    message: 'File cannot be downloaded'
  },
  requestId: 'ade9ce14-935f-4225-9344-abcb1ec47f81',
  url: '/api/v1/files/Y84xRTZF/download',
  method: 'GET',
  ip: '::1',
  userAgent: 'Mozilla/5.0 (Windows NT 10.0; Win64; x64) AppleWebKit/537.36 (KHTML, like Gecko) Chrome/145.0.0.0 Safari/537.36',
  level: 'error',
  message: 'Error occurred:',
  timestamp: '2026-02-25T03:57:23.344Z'
}
{
  service: 'flashix-backend',
  requestId: 'ade9ce14-935f-4225-9344-abcb1ec47f81',
  method: 'GET',
  url: '/api/v1/files/Y84xRTZF/download',
  statusCode: 403,
  duration: '25ms',
  ip: '::1',
  userAgent: 'Mozilla/5.0 (Windows NT 10.0; Win64; x64) AppleWebKit/537.36 (KHTML, like Gecko) Chrome/145.0.0.0 Safari/537.36',
  contentLength: '142',
  level: 'warn',
  message: 'HTTP Request',
  timestamp: '2026-02-25T03:57:23.349Z'
}
{
  service: 'flashix-backend',
  requestId: '2c292656-889c-455b-939f-eb8082f9918f',
  method: 'GET',
  url: '/api/v1/files/Y84xRTZF',
  statusCode: 200,
  duration: '27ms',
  ip: '::1',
  userAgent: 'Mozilla/5.0 (Windows NT 10.0; Win64; x64) AppleWebKit/537.36 (KHTML, like Gecko) Chrome/145.0.0.0 Safari/537.36',
  contentLength: '402',
  level: 'info',
  message: 'HTTP Request',
  timestamp: '2026-02-25T03:57:26.355Z'
}
{
  service: 'flashix-backend',
  requestId: '2bfd765c-b917-481e-9959-ff10f5dece71',
  method: 'GET',
  url: '/api/v1/files',
  statusCode: 200,
  duration: '21ms',
  ip: '::1',
  userAgent: 'Mozilla/5.0 (Windows NT 10.0; Win64; x64) AppleWebKit/537.36 (KHTML, like Gecko) Chrome/145.0.0.0 Safari/537.36',
  contentLength: '460',
  level: 'info',
  message: 'HTTP Request',
  timestamp: '2026-02-25T03:57:29.743Z'
}
{
  message: 'MongoDB connected successfully',
  level: 'info',
  service: 'flashix-backend',
  timestamp: '2026-02-25T03:59:57.200Z'
}
{
  message: 'Redis client connected',
  level: 'info',
  service: 'flashix-backend',
  timestamp: '2026-02-25T03:59:57.216Z'
}
{
  message: 'Server running on port 3000 in development mode',
  level: 'info',
  service: 'flashix-backend',
  timestamp: '2026-02-25T03:59:57.226Z'
}
{
  message: 'Health check available at http://localhost:3000/api/v1/health',
  level: 'info',
  service: 'flashix-backend',
  timestamp: '2026-02-25T03:59:57.226Z'
}
{
  service: 'flashix-backend',
  requestId: 'e8490912-92f3-4058-9333-25de9539e179',
  method: 'GET',
  url: '/f/test123',
  statusCode: 302,
  duration: '4ms',
  ip: '::1',
  userAgent: 'Mozilla/5.0 (Windows NT; Windows NT 10.0; en-IN) WindowsPowerShell/5.1.26100.7705',
  contentLength: '52',
  level: 'info',
  message: 'HTTP Request',
  timestamp: '2026-02-25T04:00:48.959Z'
}
{
  service: 'flashix-backend',
  error: { statusCode: 404, isOperational: true, message: 'File not found' },
  requestId: '416de683-20ef-4657-a0c0-2832fb51696b',
  url: '/api/v1/files/test123/download',
  method: 'GET',
  ip: '::1',
  userAgent: 'Mozilla/5.0 (Windows NT; Windows NT 10.0; en-IN) WindowsPowerShell/5.1.26100.7705',
  level: 'error',
  message: 'Error occurred:',
  timestamp: '2026-02-25T04:00:48.984Z'
}
{
  service: 'flashix-backend',
  requestId: '416de683-20ef-4657-a0c0-2832fb51696b',
  method: 'GET',
  url: '/api/v1/files/test123/download',
  statusCode: 404,
  duration: '26ms',
  ip: '::1',
  userAgent: 'Mozilla/5.0 (Windows NT; Windows NT 10.0; en-IN) WindowsPowerShell/5.1.26100.7705',
  contentLength: '131',
  level: 'warn',
  message: 'HTTP Request',
  timestamp: '2026-02-25T04:00:48.987Z'
}
{
  message: 'MongoDB connected successfully',
  level: 'info',
  service: 'flashix-backend',
  timestamp: '2026-02-25T04:06:39.399Z'
}
{
  message: 'Redis client connected',
  level: 'info',
  service: 'flashix-backend',
  timestamp: '2026-02-25T04:06:39.407Z'
}
{
  message: 'Server running on port 3000 in development mode',
  level: 'info',
  service: 'flashix-backend',
  timestamp: '2026-02-25T04:06:39.414Z'
}
{
  message: 'Health check available at http://localhost:3000/api/v1/health',
  level: 'info',
  service: 'flashix-backend',
  timestamp: '2026-02-25T04:06:39.414Z'
}
{
  message: 'MongoDB connected successfully',
  level: 'info',
  service: 'flashix-backend',
  timestamp: '2026-02-25T04:06:48.172Z'
}
{
  message: 'Redis client connected',
  level: 'info',
  service: 'flashix-backend',
  timestamp: '2026-02-25T04:06:48.180Z'
}
{
  message: 'Server running on port 3000 in development mode',
  level: 'info',
  service: 'flashix-backend',
  timestamp: '2026-02-25T04:06:48.188Z'
}
{
  message: 'Health check available at http://localhost:3000/api/v1/health',
  level: 'info',
  service: 'flashix-backend',
  timestamp: '2026-02-25T04:06:48.188Z'
}
{
  message: 'MongoDB connected successfully',
  level: 'info',
  service: 'flashix-backend',
  timestamp: '2026-02-25T04:08:18.030Z'
}
{
  message: 'Redis client connected',
  level: 'info',
  service: 'flashix-backend',
  timestamp: '2026-02-25T04:08:18.038Z'
}
{
  message: 'Server running on port 3000 in development mode',
  level: 'info',
  service: 'flashix-backend',
  timestamp: '2026-02-25T04:08:18.046Z'
}
{
  message: 'Health check available at http://localhost:3000/api/v1/health',
  level: 'info',
  service: 'flashix-backend',
  timestamp: '2026-02-25T04:08:18.046Z'
}
{
  service: 'flashix-backend',
  error: { statusCode: 404, isOperational: true, message: 'File not found' },
  requestId: '6126be9d-ba85-4c5c-9386-d3dbf148ac24',
  url: '/api/v1/files/public',
  method: 'GET',
  ip: '::1',
  userAgent: 'Mozilla/5.0 (Windows NT; Windows NT 10.0; en-IN) WindowsPowerShell/5.1.26100.7705',
  level: 'error',
  message: 'Error occurred:',
  timestamp: '2026-02-25T04:08:45.998Z'
}
{
  service: 'flashix-backend',
  requestId: '6126be9d-ba85-4c5c-9386-d3dbf148ac24',
  method: 'GET',
  url: '/api/v1/files/public',
  statusCode: 404,
  duration: '18ms',
  ip: '::1',
  userAgent: 'Mozilla/5.0 (Windows NT; Windows NT 10.0; en-IN) WindowsPowerShell/5.1.26100.7705',
  contentLength: '131',
  level: 'warn',
  message: 'HTTP Request',
  timestamp: '2026-02-25T04:08:46.001Z'
}
{
  service: 'flashix-backend',
  error: { statusCode: 404, isOperational: true, message: 'File not found' },
  requestId: 'ba2fbe76-e8b4-4896-9a5b-f0f7a00e0430',
  url: '/api/v1/files/public?page=1&limit=20&sort=date',
  method: 'GET',
  ip: '::1',
  userAgent: 'Mozilla/5.0 (Windows NT 10.0; Win64; x64) AppleWebKit/537.36 (KHTML, like Gecko) Chrome/145.0.0.0 Safari/537.36',
  level: 'error',
  message: 'Error occurred:',
  timestamp: '2026-02-25T04:09:58.196Z'
}
{
  service: 'flashix-backend',
  requestId: 'ba2fbe76-e8b4-4896-9a5b-f0f7a00e0430',
  method: 'GET',
  url: '/api/v1/files/public?page=1&limit=20&sort=date',
  statusCode: 404,
  duration: '12ms',
  ip: '::1',
  userAgent: 'Mozilla/5.0 (Windows NT 10.0; Win64; x64) AppleWebKit/537.36 (KHTML, like Gecko) Chrome/145.0.0.0 Safari/537.36',
  contentLength: '131',
  level: 'warn',
  message: 'HTTP Request',
  timestamp: '2026-02-25T04:09:58.198Z'
}
{
  service: 'flashix-backend',
  fileId: 'SQypGvtM',
  originalName: 'python.pdf',
  size: 183696,
  ownerType: 'anonymous',
  level: 'info',
  message: 'File uploaded successfully',
  timestamp: '2026-02-25T04:10:26.008Z'
}
{
  service: 'flashix-backend',
  requestId: 'e30272da-2620-43a4-9392-7ed5eb186905',
  method: 'POST',
  url: '/api/v1/files/upload',
  statusCode: 201,
  duration: '3616ms',
  ip: '::1',
  userAgent: 'Mozilla/5.0 (Windows NT 10.0; Win64; x64) AppleWebKit/537.36 (KHTML, like Gecko) Chrome/145.0.0.0 Safari/537.36',
  contentLength: undefined,
  level: 'info',
  message: 'HTTP Request',
  timestamp: '2026-02-25T04:10:26.027Z'
}
{
  service: 'flashix-backend',
  requestId: '0d0833b3-1b12-46cf-b13f-548f0687a443',
  method: 'GET',
  url: '/api/v1/files/SQypGvtM',
  statusCode: 200,
  duration: '7ms',
  ip: '::1',
  userAgent: 'Mozilla/5.0 (Windows NT 10.0; Win64; x64) AppleWebKit/537.36 (KHTML, like Gecko) Chrome/145.0.0.0 Safari/537.36',
  contentLength: '402',
  level: 'info',
  message: 'HTTP Request',
  timestamp: '2026-02-25T04:10:26.072Z'
}
{
  service: 'flashix-backend',
  error: { statusCode: 404, isOperational: true, message: 'File not found' },
  requestId: 'bc1afdbe-3447-404e-beff-fdb5254d8cdd',
  url: '/api/v1/files/public?page=1&limit=20&sort=date',
  method: 'GET',
  ip: '::1',
  userAgent: 'Mozilla/5.0 (Windows NT 10.0; Win64; x64) AppleWebKit/537.36 (KHTML, like Gecko) Chrome/145.0.0.0 Safari/537.36',
  level: 'error',
  message: 'Error occurred:',
  timestamp: '2026-02-25T04:10:36.254Z'
}
{
  service: 'flashix-backend',
  requestId: 'bc1afdbe-3447-404e-beff-fdb5254d8cdd',
  method: 'GET',
  url: '/api/v1/files/public?page=1&limit=20&sort=date',
  statusCode: 404,
  duration: '4ms',
  ip: '::1',
  userAgent: 'Mozilla/5.0 (Windows NT 10.0; Win64; x64) AppleWebKit/537.36 (KHTML, like Gecko) Chrome/145.0.0.0 Safari/537.36',
  contentLength: '131',
  level: 'warn',
  message: 'HTTP Request',
  timestamp: '2026-02-25T04:10:36.254Z'
}
{
  service: 'flashix-backend',
  requestId: 'dfad6c4d-fa04-416d-832c-2bcf6884edfe',
  method: 'POST',
  url: '/api/v1/auth/login',
  statusCode: 200,
  duration: '283ms',
  ip: '::1',
  userAgent: 'Mozilla/5.0 (Windows NT 10.0; Win64; x64) AppleWebKit/537.36 (KHTML, like Gecko) Chrome/145.0.0.0 Safari/537.36',
  contentLength: '715',
  level: 'info',
  message: 'HTTP Request',
  timestamp: '2026-02-25T04:11:03.199Z'
}
{
  service: 'flashix-backend',
  requestId: '9a123a63-8346-4d4e-a4d2-6aadc86935cd',
  method: 'GET',
  url: '/api/v1/files',
  statusCode: 200,
  duration: '11ms',
  ip: '::1',
  userAgent: 'Mozilla/5.0 (Windows NT 10.0; Win64; x64) AppleWebKit/537.36 (KHTML, like Gecko) Chrome/145.0.0.0 Safari/537.36',
  contentLength: '460',
  level: 'info',
  message: 'HTTP Request',
  timestamp: '2026-02-25T04:11:03.231Z'
}
{
  service: 'flashix-backend',
  requestId: '54f452f9-101b-425c-9d0a-a933226d9fb4',
  method: 'GET',
  url: '/api/v1/files/Y84xRTZF',
  statusCode: 200,
  duration: '5ms',
  ip: '::1',
  userAgent: 'Mozilla/5.0 (Windows NT 10.0; Win64; x64) AppleWebKit/537.36 (KHTML, like Gecko) Chrome/145.0.0.0 Safari/537.36',
  contentLength: '402',
  level: 'info',
  message: 'HTTP Request',
  timestamp: '2026-02-25T04:11:16.553Z'
}
{
  service: 'flashix-backend',
  fileId: 'Y84xRTZF',
  ownerType: 'user',
  level: 'info',
  message: 'File deleted successfully',
  timestamp: '2026-02-25T04:11:20.724Z'
}
{
  service: 'flashix-backend',
  requestId: '6a4ec3e7-5102-4746-b209-267a60c4a0aa',
  method: 'DELETE',
  url: '/api/v1/files/Y84xRTZF',
  statusCode: 200,
  duration: '1696ms',
  ip: '::1',
  userAgent: 'Mozilla/5.0 (Windows NT 10.0; Win64; x64) AppleWebKit/537.36 (KHTML, like Gecko) Chrome/145.0.0.0 Safari/537.36',
  contentLength: '111',
  level: 'info',
  message: 'HTTP Request',
  timestamp: '2026-02-25T04:11:20.725Z'
}
{
  service: 'flashix-backend',
  requestId: '0ec5819f-83e6-451d-a2e0-8b042fba2ecf',
  method: 'GET',
  url: '/api/v1/files',
  statusCode: 200,
  duration: '7ms',
  ip: '::1',
  userAgent: 'Mozilla/5.0 (Windows NT 10.0; Win64; x64) AppleWebKit/537.36 (KHTML, like Gecko) Chrome/145.0.0.0 Safari/537.36',
  contentLength: '139',
  level: 'info',
  message: 'HTTP Request',
  timestamp: '2026-02-25T04:11:20.755Z'
}
{
  service: 'flashix-backend',
  error: { statusCode: 404, isOperational: true, message: 'File not found' },
  requestId: 'e50b3f92-2c61-4b0a-90b3-603f17b72739',
  url: '/api/v1/files/public?page=1&limit=20&sort=date',
  method: 'GET',
  ip: '::1',
  userAgent: 'Mozilla/5.0 (Windows NT 10.0; Win64; x64) AppleWebKit/537.36 (KHTML, like Gecko) Chrome/145.0.0.0 Safari/537.36',
  level: 'error',
  message: 'Error occurred:',
  timestamp: '2026-02-25T04:12:35.232Z'
}
{
  service: 'flashix-backend',
  requestId: 'e50b3f92-2c61-4b0a-90b3-603f17b72739',
  method: 'GET',
  url: '/api/v1/files/public?page=1&limit=20&sort=date',
  statusCode: 404,
  duration: '5ms',
  ip: '::1',
  userAgent: 'Mozilla/5.0 (Windows NT 10.0; Win64; x64) AppleWebKit/537.36 (KHTML, like Gecko) Chrome/145.0.0.0 Safari/537.36',
  contentLength: '131',
  level: 'warn',
  message: 'HTTP Request',
  timestamp: '2026-02-25T04:12:35.233Z'
}
{
  service: 'flashix-backend',
  requestId: '5dbd95ef-e91f-4ed6-8301-aaef636a95bb',
  method: 'GET',
  url: '/api/v1/files',
  statusCode: 200,
  duration: '6ms',
  ip: '::1',
  userAgent: 'Mozilla/5.0 (Windows NT 10.0; Win64; x64) AppleWebKit/537.36 (KHTML, like Gecko) Chrome/145.0.0.0 Safari/537.36',
  contentLength: '139',
  level: 'info',
  message: 'HTTP Request',
  timestamp: '2026-02-25T04:12:39.261Z'
}
{
  service: 'flashix-backend',
  requestId: '060a3ef8-469b-443e-aee8-39b1b9e44a79',
  method: 'GET',
  url: '/api/v1/files',
  statusCode: 200,
  duration: '7ms',
  ip: '::1',
  userAgent: 'Mozilla/5.0 (Windows NT 10.0; Win64; x64) AppleWebKit/537.36 (KHTML, like Gecko) Chrome/145.0.0.0 Safari/537.36',
  contentLength: '139',
  level: 'info',
  message: 'HTTP Request',
  timestamp: '2026-02-25T04:12:40.508Z'
}
{
  service: 'flashix-backend',
  error: { statusCode: 404, isOperational: true, message: 'File not found' },
  requestId: 'a2e153ea-2f54-4b0e-900e-e0ebfa742980',
  url: '/api/v1/files/public?page=1&limit=20&sort=date',
  method: 'GET',
  ip: '::1',
  userAgent: 'Mozilla/5.0 (Windows NT 10.0; Win64; x64) AppleWebKit/537.36 (KHTML, like Gecko) Chrome/145.0.0.0 Safari/537.36',
  level: 'error',
  message: 'Error occurred:',
  timestamp: '2026-02-25T04:12:45.010Z'
}
{
  service: 'flashix-backend',
  requestId: 'a2e153ea-2f54-4b0e-900e-e0ebfa742980',
  method: 'GET',
  url: '/api/v1/files/public?page=1&limit=20&sort=date',
  statusCode: 404,
  duration: '7ms',
  ip: '::1',
  userAgent: 'Mozilla/5.0 (Windows NT 10.0; Win64; x64) AppleWebKit/537.36 (KHTML, like Gecko) Chrome/145.0.0.0 Safari/537.36',
  contentLength: '131',
  level: 'warn',
  message: 'HTTP Request',
  timestamp: '2026-02-25T04:12:45.011Z'
}
{
  service: 'flashix-backend',
  requestId: 'd62ad94b-a99b-43c7-a32c-440658bbe54b',
  method: 'GET',
  url: '/api/v1/files',
  statusCode: 200,
  duration: '5ms',
  ip: '::1',
  userAgent: 'Mozilla/5.0 (Windows NT 10.0; Win64; x64) AppleWebKit/537.36 (KHTML, like Gecko) Chrome/145.0.0.0 Safari/537.36',
  contentLength: '139',
  level: 'info',
  message: 'HTTP Request',
  timestamp: '2026-02-25T04:12:47.320Z'
}
{
  service: 'flashix-backend',
  error: { statusCode: 404, isOperational: true, message: 'File not found' },
  requestId: 'c0d95d6f-c240-46e1-9f93-fb14c503ec6f',
  url: '/api/v1/files/public?page=1&limit=20&sort=date',
  method: 'GET',
  ip: '::1',
  userAgent: 'Mozilla/5.0 (Windows NT 10.0; Win64; x64) AppleWebKit/537.36 (KHTML, like Gecko) Chrome/145.0.0.0 Safari/537.36',
  level: 'error',
  message: 'Error occurred:',
  timestamp: '2026-02-25T04:12:48.292Z'
}
{
  service: 'flashix-backend',
  requestId: 'c0d95d6f-c240-46e1-9f93-fb14c503ec6f',
  method: 'GET',
  url: '/api/v1/files/public?page=1&limit=20&sort=date',
  statusCode: 404,
  duration: '5ms',
  ip: '::1',
  userAgent: 'Mozilla/5.0 (Windows NT 10.0; Win64; x64) AppleWebKit/537.36 (KHTML, like Gecko) Chrome/145.0.0.0 Safari/537.36',
  contentLength: '131',
  level: 'warn',
  message: 'HTTP Request',
  timestamp: '2026-02-25T04:12:48.293Z'
}
{
  service: 'flashix-backend',
  error: { statusCode: 404, isOperational: true, message: 'File not found' },
  requestId: '60567ca6-bdca-4431-a9f0-6d9cb759fbdf',
  url: '/api/v1/files/public?page=1&limit=20&sort=date',
  method: 'GET',
  ip: '::1',
  userAgent: 'Mozilla/5.0 (Windows NT 10.0; Win64; x64) AppleWebKit/537.36 (KHTML, like Gecko) Chrome/145.0.0.0 Safari/537.36',
  level: 'error',
  message: 'Error occurred:',
  timestamp: '2026-02-25T04:12:59.601Z'
}
{
  service: 'flashix-backend',
  requestId: '60567ca6-bdca-4431-a9f0-6d9cb759fbdf',
  method: 'GET',
  url: '/api/v1/files/public?page=1&limit=20&sort=date',
  statusCode: 404,
  duration: '5ms',
  ip: '::1',
  userAgent: 'Mozilla/5.0 (Windows NT 10.0; Win64; x64) AppleWebKit/537.36 (KHTML, like Gecko) Chrome/145.0.0.0 Safari/537.36',
  contentLength: '131',
  level: 'warn',
  message: 'HTTP Request',
  timestamp: '2026-02-25T04:12:59.602Z'
}
{
  service: 'flashix-backend',
  error: { statusCode: 404, isOperational: true, message: 'File not found' },
  requestId: '93e97dc2-311f-429d-824d-daa0b2402594',
  url: '/api/v1/files/public?limit=5',
  method: 'GET',
  ip: '::1',
  userAgent: 'Mozilla/5.0 (Windows NT; Windows NT 10.0; en-IN) WindowsPowerShell/5.1.26100.7705',
  level: 'error',
  message: 'Error occurred:',
  timestamp: '2026-02-25T04:15:36.370Z'
}
{
  service: 'flashix-backend',
  requestId: '93e97dc2-311f-429d-824d-daa0b2402594',
  method: 'GET',
  url: '/api/v1/files/public?limit=5',
  statusCode: 404,
  duration: '4ms',
  ip: '::1',
  userAgent: 'Mozilla/5.0 (Windows NT; Windows NT 10.0; en-IN) WindowsPowerShell/5.1.26100.7705',
  contentLength: '131',
  level: 'warn',
  message: 'HTTP Request',
  timestamp: '2026-02-25T04:15:36.371Z'
}
{
  message: 'MongoDB connected successfully',
  level: 'info',
  service: 'flashix-backend',
  timestamp: '2026-02-25T04:20:36.464Z'
}
{
  message: 'Worker connected to database',
  level: 'info',
  service: 'flashix-backend',
  timestamp: '2026-02-25T04:20:36.466Z'
}
{
  message: 'Worker connected to Redis',
  level: 'info',
  service: 'flashix-backend',
  timestamp: '2026-02-25T04:20:36.480Z'
}
{
  service: 'flashix-backend',
  concurrency: 10,
  redisUrl: 'redis://localhost:6379',
  level: 'info',
  message: 'File cleanup worker started',
  timestamp: '2026-02-25T04:20:36.483Z'
}
{
  message: 'Starting initial expired file cleanup',
  level: 'info',
  service: 'flashix-backend',
  timestamp: '2026-02-25T04:20:41.493Z'
}
{
  message: 'Scheduling cleanup for expired files',
  level: 'info',
  service: 'flashix-backend',
  timestamp: '2026-02-25T04:20:41.493Z'
}
{
  message: 'Found 1 expired files to clean up',
  level: 'info',
  service: 'flashix-backend',
  timestamp: '2026-02-25T04:20:41.504Z'
}
{
  message: 'MongoDB connected successfully',
  level: 'info',
  service: 'flashix-backend',
  timestamp: '2026-02-25T04:24:30.338Z'
}
{
  message: 'Worker connected to database',
  level: 'info',
  service: 'flashix-backend',
  timestamp: '2026-02-25T04:24:30.341Z'
}
{
  message: 'Worker connected to Redis',
  level: 'info',
  service: 'flashix-backend',
  timestamp: '2026-02-25T04:24:30.355Z'
}
{
  service: 'flashix-backend',
  concurrency: 10,
  redisUrl: 'redis://localhost:6379',
  level: 'info',
  message: 'File cleanup worker started',
  timestamp: '2026-02-25T04:24:30.358Z'
}
{
  message: 'Starting initial expired file cleanup',
  level: 'info',
  service: 'flashix-backend',
  timestamp: '2026-02-25T04:24:35.359Z'
}
{
  message: 'Scheduling cleanup for expired files',
  level: 'info',
  service: 'flashix-backend',
  timestamp: '2026-02-25T04:24:35.359Z'
}
{
  message: 'Found 1 expired files to clean up',
  level: 'info',
  service: 'flashix-backend',
  timestamp: '2026-02-25T04:24:35.369Z'
}
{
  message: 'MongoDB connected successfully',
  level: 'info',
  service: 'flashix-backend',
  timestamp: '2026-02-25T04:33:34.737Z'
}
{
  message: 'Redis client connected',
  level: 'info',
  service: 'flashix-backend',
  timestamp: '2026-02-25T04:33:34.745Z'
}
{
  message: 'Server running on port 3000 in development mode',
  level: 'info',
  service: 'flashix-backend',
  timestamp: '2026-02-25T04:33:34.754Z'
}
{
  message: 'Health check available at http://localhost:3000/api/v1/health',
  level: 'info',
  service: 'flashix-backend',
  timestamp: '2026-02-25T04:33:34.754Z'
}
{
  service: 'flashix-backend',
  error: { statusCode: 404, isOperational: true, message: 'File not found' },
  requestId: '4a3dde71-cfb4-453e-8a13-fb870ee3986f',
  url: '/api/v1/files/public',
  method: 'GET',
  ip: '::1',
  userAgent: 'Mozilla/5.0 (Windows NT; Windows NT 10.0; en-IN) WindowsPowerShell/5.1.26100.7705',
  level: 'error',
  message: 'Error occurred:',
  timestamp: '2026-02-25T04:34:42.825Z'
}
{
  service: 'flashix-backend',
  requestId: '4a3dde71-cfb4-453e-8a13-fb870ee3986f',
  method: 'GET',
  url: '/api/v1/files/public',
  statusCode: 404,
  duration: '16ms',
  ip: '::1',
  userAgent: 'Mozilla/5.0 (Windows NT; Windows NT 10.0; en-IN) WindowsPowerShell/5.1.26100.7705',
  contentLength: '131',
  level: 'warn',
  message: 'HTTP Request',
  timestamp: '2026-02-25T04:34:42.828Z'
}
{
  message: 'MongoDB connected successfully',
  level: 'info',
  service: 'flashix-backend',
  timestamp: '2026-02-25T04:34:56.461Z'
}
{
  message: 'Redis client connected',
  level: 'info',
  service: 'flashix-backend',
  timestamp: '2026-02-25T04:34:56.469Z'
}
{
  message: 'Server running on port 3000 in development mode',
  level: 'info',
  service: 'flashix-backend',
  timestamp: '2026-02-25T04:34:56.482Z'
}
{
  message: 'Health check available at http://localhost:3000/api/v1/health',
  level: 'info',
  service: 'flashix-backend',
  timestamp: '2026-02-25T04:34:56.482Z'
}
{
  service: 'flashix-backend',
  error: { statusCode: 404, isOperational: true, message: 'File not found' },
  requestId: 'faac62e4-6dfd-441b-9cc6-c4c80241fc47',
  url: '/api/v1/files/public',
  method: 'GET',
  ip: '::1',
  userAgent: 'Mozilla/5.0 (Windows NT; Windows NT 10.0; en-IN) WindowsPowerShell/5.1.26100.7705',
  level: 'error',
  message: 'Error occurred:',
  timestamp: '2026-02-25T04:39:38.387Z'
}
{
  service: 'flashix-backend',
  requestId: 'faac62e4-6dfd-441b-9cc6-c4c80241fc47',
  method: 'GET',
  url: '/api/v1/files/public',
  statusCode: 404,
  duration: '15ms',
  ip: '::1',
  userAgent: 'Mozilla/5.0 (Windows NT; Windows NT 10.0; en-IN) WindowsPowerShell/5.1.26100.7705',
  contentLength: '131',
  level: 'warn',
  message: 'HTTP Request',
  timestamp: '2026-02-25T04:39:38.390Z'
}
{
  service: 'flashix-backend',
  requestId: 'b50d3c55-58a6-44c4-83fa-5d7b6aa78f49',
  method: 'POST',
  url: '/api/v1/sessions/create',
  statusCode: 201,
  duration: '9ms',
  ip: '::1',
  userAgent: 'Mozilla/5.0 (Windows NT; Windows NT 10.0; en-IN) WindowsPowerShell/5.1.26100.7705',
  contentLength: '210',
  level: 'info',
  message: 'HTTP Request',
  timestamp: '2026-02-25T04:39:54.057Z'
}
{
  service: 'flashix-backend',
  error: { statusCode: 400, isOperational: true, message: 'No file provided' },
  requestId: 'a624df6d-425d-435e-894c-fe52e5b99cad',
  url: '/api/v1/files/upload',
  method: 'POST',
  ip: '::1',
  userAgent: 'Mozilla/5.0 (Windows NT; Windows NT 10.0; en-IN) WindowsPowerShell/5.1.26100.7705',
  level: 'error',
  message: 'Error occurred:',
  timestamp: '2026-02-25T04:42:23.622Z'
}
{
  service: 'flashix-backend',
  requestId: 'a624df6d-425d-435e-894c-fe52e5b99cad',
  method: 'POST',
  url: '/api/v1/files/upload',
  statusCode: 400,
  duration: '5ms',
  ip: '::1',
  userAgent: 'Mozilla/5.0 (Windows NT; Windows NT 10.0; en-IN) WindowsPowerShell/5.1.26100.7705',
  contentLength: '133',
  level: 'warn',
  message: 'HTTP Request',
  timestamp: '2026-02-25T04:42:23.623Z'
}
{
  service: 'flashix-backend',
  error: { statusCode: 404, isOperational: true, message: 'File not found' },
  requestId: '0e7385d1-2e57-4757-8097-8615adc5aba3',
  url: '/api/v1/files/public',
  method: 'GET',
  ip: '::1',
  userAgent: 'Mozilla/5.0 (Windows NT; Windows NT 10.0; en-IN) WindowsPowerShell/5.1.26100.7705',
  level: 'error',
  message: 'Error occurred:',
  timestamp: '2026-02-25T04:42:55.862Z'
}
{
  service: 'flashix-backend',
  requestId: '0e7385d1-2e57-4757-8097-8615adc5aba3',
  method: 'GET',
  url: '/api/v1/files/public',
  statusCode: 404,
  duration: '3ms',
  ip: '::1',
  userAgent: 'Mozilla/5.0 (Windows NT; Windows NT 10.0; en-IN) WindowsPowerShell/5.1.26100.7705',
  contentLength: '131',
  level: 'warn',
  message: 'HTTP Request',
  timestamp: '2026-02-25T04:42:55.863Z'
}
{
  service: 'flashix-backend',
  error: { statusCode: 404, isOperational: true, message: 'File not found' },
  requestId: '9599fce5-a71c-4d46-8882-ca2bbb4e8173',
  url: '/api/v1/files/public?page=1&limit=20',
  method: 'GET',
  ip: '::1',
  userAgent: 'Mozilla/5.0 (Windows NT; Windows NT 10.0; en-IN) WindowsPowerShell/5.1.26100.7705',
  level: 'error',
  message: 'Error occurred:',
  timestamp: '2026-02-25T04:43:36.967Z'
}
{
  service: 'flashix-backend',
  requestId: '9599fce5-a71c-4d46-8882-ca2bbb4e8173',
  method: 'GET',
  url: '/api/v1/files/public?page=1&limit=20',
  statusCode: 404,
  duration: '3ms',
  ip: '::1',
  userAgent: 'Mozilla/5.0 (Windows NT; Windows NT 10.0; en-IN) WindowsPowerShell/5.1.26100.7705',
  contentLength: '131',
  level: 'warn',
  message: 'HTTP Request',
  timestamp: '2026-02-25T04:43:36.968Z'
}
{
  message: 'MongoDB connected successfully',
  level: 'info',
  service: 'flashix-backend',
  timestamp: '2026-02-25T04:46:30.668Z'
}
{
  message: 'Redis client connected',
  level: 'info',
  service: 'flashix-backend',
  timestamp: '2026-02-25T04:46:30.677Z'
}
{
  message: 'Server running on port 3000 in development mode',
  level: 'info',
  service: 'flashix-backend',
  timestamp: '2026-02-25T04:46:30.692Z'
}
{
  message: 'Health check available at http://localhost:3000/api/v1/health',
  level: 'info',
  service: 'flashix-backend',
  timestamp: '2026-02-25T04:46:30.692Z'
}
{
  service: 'flashix-backend',
  error: { statusCode: 404, isOperational: true, message: 'File not found' },
  requestId: '4b4df004-66a3-44f5-bcce-c9b80edfd770',
  url: '/api/v1/files/public',
  method: 'GET',
  ip: '::1',
  userAgent: 'Mozilla/5.0 (Windows NT; Windows NT 10.0; en-IN) WindowsPowerShell/5.1.26100.7705',
  level: 'error',
  message: 'Error occurred:',
  timestamp: '2026-02-25T04:50:52.805Z'
}
{
  service: 'flashix-backend',
  requestId: '4b4df004-66a3-44f5-bcce-c9b80edfd770',
  method: 'GET',
  url: '/api/v1/files/public',
  statusCode: 404,
  duration: '15ms',
  ip: '::1',
  userAgent: 'Mozilla/5.0 (Windows NT; Windows NT 10.0; en-IN) WindowsPowerShell/5.1.26100.7705',
  contentLength: '131',
  level: 'warn',
  message: 'HTTP Request',
  timestamp: '2026-02-25T04:50:52.808Z'
}
{
  message: 'MongoDB connected successfully',
  level: 'info',
  service: 'flashix-backend',
  timestamp: '2026-02-25T04:52:20.436Z'
}
{
  message: 'Redis client connected',
  level: 'info',
  service: 'flashix-backend',
  timestamp: '2026-02-25T04:52:20.444Z'
}
{
  message: 'Server running on port 3000 in development mode',
  level: 'info',
  service: 'flashix-backend',
  timestamp: '2026-02-25T04:52:20.454Z'
}
{
  message: 'Health check available at http://localhost:3000/api/v1/health',
  level: 'info',
  service: 'flashix-backend',
  timestamp: '2026-02-25T04:52:20.455Z'
}
{
  message: 'MongoDB connected successfully',
  level: 'info',
  service: 'flashix-backend',
  timestamp: '2026-02-25T04:53:02.411Z'
}
{
  message: 'Redis client connected',
  level: 'info',
  service: 'flashix-backend',
  timestamp: '2026-02-25T04:53:02.419Z'
}
{
  message: 'Server running on port 3000 in development mode',
  level: 'info',
  service: 'flashix-backend',
  timestamp: '2026-02-25T04:53:02.430Z'
}
{
  message: 'Health check available at http://localhost:3000/api/v1/health',
  level: 'info',
  service: 'flashix-backend',
  timestamp: '2026-02-25T04:53:02.431Z'
}
{
  service: 'flashix-backend',
  requestId: 'fe78be90-3b57-4cbe-bbb5-11eb3796062d',
  method: 'GET',
  url: '/api/v1/files/public',
  statusCode: 200,
  duration: '16ms',
  ip: '::1',
  userAgent: 'Mozilla/5.0 (Windows NT; Windows NT 10.0; en-IN) WindowsPowerShell/5.1.26100.7705',
  contentLength: '840',
  level: 'info',
  message: 'HTTP Request',
  timestamp: '2026-02-25T04:53:13.838Z'
}
{
  message: 'MongoDB connected successfully',
  level: 'info',
  service: 'flashix-backend',
  timestamp: '2026-02-25T04:53:36.597Z'
}
{
  message: 'Redis client connected',
  level: 'info',
  service: 'flashix-backend',
  timestamp: '2026-02-25T04:53:36.605Z'
}
{
  message: 'Server running on port 3000 in development mode',
  level: 'info',
  service: 'flashix-backend',
  timestamp: '2026-02-25T04:53:36.616Z'
}
{
  message: 'Health check available at http://localhost:3000/api/v1/health',
  level: 'info',
  service: 'flashix-backend',
  timestamp: '2026-02-25T04:53:36.616Z'
}
{
  message: 'MongoDB connected successfully',
  level: 'info',
  service: 'flashix-backend',
  timestamp: '2026-02-25T04:55:39.698Z'
}
{
  message: 'Worker connected to database',
  level: 'info',
  service: 'flashix-backend',
  timestamp: '2026-02-25T04:55:39.702Z'
}
{
  message: 'Worker connected to Redis',
  level: 'info',
  service: 'flashix-backend',
  timestamp: '2026-02-25T04:55:39.717Z'
}
{
  service: 'flashix-backend',
  concurrency: 10,
  redisUrl: 'redis://localhost:6379',
  level: 'info',
  message: 'File cleanup worker started',
  timestamp: '2026-02-25T04:55:39.719Z'
}
{
  message: 'Starting initial expired file cleanup',
  level: 'info',
  service: 'flashix-backend',
  timestamp: '2026-02-25T04:55:44.734Z'
}
{
  message: 'Scheduling cleanup for expired files',
  level: 'info',
  service: 'flashix-backend',
  timestamp: '2026-02-25T04:55:44.735Z'
}
{
  message: 'Found 1 expired files to clean up',
  level: 'info',
  service: 'flashix-backend',
  timestamp: '2026-02-25T04:55:44.742Z'
}
